info@bedfordfields.com,http://www.bedfordfields.com
shop@bedfordfields.com,http://www.bedfordfields.com
sales@kellerproducts.com,https://www.kellerplastics.com
jhudson@kellerproducts.com,https://www.kellerplastics.com
customerservice@whitecap.com,https://www.whitecap.com/branches/114
Disability_Application_Accommodation@whitecap.com,https://www.whitecap.com/branches/114
DISABILITY_APPLICATION_ACCOMMODATION@WHITECAP.COM,https://www.whitecap.com/branches/114
WhiteCap.gov@hdsupply.com,https://www.whitecap.com/branches/114
WhiteCap.gov@HDSupply.com,https://www.whitecap.com/branches/114
someone@example.com,https://www.whitecap.com/branches/114
address@example.com,https://www.whitecap.com/branches/114
WCCUST@WHITECAP.COM,https://www.whitecap.com/branches/114
InvestorRelations@whitecap.com,https://www.whitecap.com/branches/114
payroll@hdsupply.com,https://www.whitecap.com/branches/114
no-reply@whitecap.net,https://www.whitecap.com/branches/114
podrequests@whitecap.net,https://www.whitecap.com/branches/114
info@customtruck.com,http://www.naeuinc.com
sales@langdoor.com,http://langdoor.com
KMcMahon@LangDoor.com,http://langdoor.com
RSiggins@langdoor.com,http://langdoor.com
Blang@LangDoor.com,http://langdoor.com
ATowne@LangDoor.com,http://langdoor.com
LDanis@LangDoor.com,http://langdoor.com
PBergeron@LangDoor.com,http://langdoor.com
Bud@LangDoor.com,http://langdoor.com
SCardin@LangDoor.com,http://langdoor.com
BLang@LangDoor.com,http://langdoor.com
CSands@LangDoor.com,http://langdoor.com
FWall@LangDoor.com,http://langdoor.com
BCharlton@LangDoor.com,http://langdoor.com
slick-carousel@1.8.1,http://www.thegranitegroup.com
afecteau@thegranitegroup.com,http://www.thegranitegroup.com
littletonsales@thegranitegroup.com,http://www.thegranitegroup.com
pwildenstein@thegranitegroup.com,http://www.thegranitegroup.com
jgingue@thegranitegroup.com,http://www.thegranitegroup.com
mygraniteaccess@thegranitegroup.com,http://www.thegranitegroup.com
jwhalen@thegranitegroup.com,http://www.thegranitegroup.com
gkenyon@thegranitegroup.com,http://www.thegranitegroup.com
Worcestersales@thegranitegroup.com,http://www.thegranitegroup.com
customerservice@thegranitegroup.com.,http://www.thegranitegroup.com
npaquette@thegranitegroup.com,http://www.thegranitegroup.com
jprovencher@thegranitegroup.com,http://www.thegranitegroup.com
Gilfordsales@thegranitegroup.com,http://www.thegranitegroup.com
rhodgdon@thegranitegroup.com,http://www.thegranitegroup.com
morrisvillesales@thegranitegroup.com,http://www.thegranitegroup.com
mhaskins@thegranitegroup.com,http://www.thegranitegroup.com
NewLondonsales@thegranitegroup.com,http://www.thegranitegroup.com
bbingham@thegranitegroup.com,http://www.thegranitegroup.com
dliebal@thegranitegroup.com,http://www.thegranitegroup.com
bkenyon@thegranitegroup.com,http://www.thegranitegroup.com
lbardsley@thegranitegroup.com,http://www.thegranitegroup.com
Leominstersales@thegranitegroup.com,http://www.thegranitegroup.com
tmiller@thegranitegroup.com,http://www.thegranitegroup.com
Colchestersales@thegranitegroup.com,http://www.thegranitegroup.com
psheehan@thegranitegroup.com,http://www.thegranitegroup.com
dtierney@thegranitegroup.com,http://www.thegranitegroup.com
Putnamsales@thegranitegroup.com,http://www.thegranitegroup.com
lstrout@thegranitegroup.com,http://www.thegranitegroup.com
eedens@thegranitegroup.com,http://www.thegranitegroup.com
Norwichsales@thegranitegroup.com,http://www.thegranitegroup.com
rlarochelle@thegranitegroup.com,http://www.thegranitegroup.com
Haverhillsales@thegranitegroup.com,http://www.thegranitegroup.com
elibby@thegranitegroup.com,http://www.thegranitegroup.com
fcrocker@thegranitegroup.com,http://www.thegranitegroup.com
OldSaybrooksales@thegranitegroup.com,http://www.thegranitegroup.com
jruffo@thegranitegroup.com,http://www.thegranitegroup.com
tcunneen@thegranitegroup.com,http://www.thegranitegroup.com
rorell@thegranitegroup.com,http://www.thegranitegroup.com
rvallante@thegranitegroup.com,http://www.thegranitegroup.com
Lowellsales@thegranitegroup.com,http://www.thegranitegroup.com
sdurej@thegranitegroup.com,http://www.thegranitegroup.com
WestHartfordsales@thegranitegroup.com,http://www.thegranitegroup.com
gfrachey@thegranitegroup.com,http://www.thegranitegroup.com
maubin@thegranitegroup.com,http://www.thegranitegroup.com
rrobinson@thegranitegroup.com,http://www.thegranitegroup.com
Plainfieldsales@thegranitegroup.com,http://www.thegranitegroup.com
NorthHavensales@thegranitegroup.com,http://www.thegranitegroup.com
dmartin@thegranitegroup.com,http://www.thegranitegroup.com
babbott@thegranitegroup.com,http://www.thegranitegroup.com
rpellegrini@thegranitegroup.com,http://www.thegranitegroup.com
dgage@thegranitegroup.com,http://www.thegranitegroup.com
Grotonsales@thegranitegroup.com,http://www.thegranitegroup.com
rviolette@thegranitegroup.com,http://www.thegranitegroup.com
Concordsales@thegranitegroup.com,http://www.thegranitegroup.com
sseavey@thegranitegroup.com,http://www.thegranitegroup.com
wpenabautista@thegranitegroup.com,http://www.thegranitegroup.com
bwilcox@thegranitegroup.com,http://www.thegranitegroup.com
Auburnsales@thegranitegroup.com,http://www.thegranitegroup.com
jhebert@thegranitegroup.com,http://www.thegranitegroup.com
customerservice@thegranitegroup.com,http://www.thegranitegroup.com
virusresponse@thegranitegroup.com,http://www.thegranitegroup.com
jcurrie@thegranitegroup.com,http://www.thegranitegroup.com
Portlandsales@thegranitegroup.com,http://www.thegranitegroup.com
seichner@thegranitegroup.com,http://www.thegranitegroup.com
Lebanonsales@thegranitegroup.com,http://www.thegranitegroup.com
jgelinas@thegranitegroup.com,http://www.thegranitegroup.com
jkramer@thegranitegroup.com,http://www.thegranitegroup.com
mleary@thegranitegroup.com,http://www.thegranitegroup.com
Exetersales@thegranitegroup.com,http://www.thegranitegroup.com
kmatson@thegranitegroup.com,http://www.thegranitegroup.com
lincolnsales@thegranitegroup.com,http://www.thegranitegroup.com
slong@thegranitegroup.com,http://www.thegranitegroup.com
jwhittier@thegranitegroup.com,http://www.thegranitegroup.com
Manchestersales@thegranitegroup.com,http://www.thegranitegroup.com
jesmith@thegranitegroup.com,http://www.thegranitegroup.com
dflorence@thegranitegroup.com,http://www.thegranitegroup.com
nhandville@thegranitegroup.com,http://www.thegranitegroup.com
tmacDonald@thegranitegroup.com,http://www.thegranitegroup.com
dguinard@thegranitegroup.com,http://www.thegranitegroup.com
Barresales@thegranitegroup.com,http://www.thegranitegroup.com
bpage@thegranitegroup.com,http://www.thegranitegroup.com
jmcintosh@thegranitegroup.com,http://www.thegranitegroup.com
Keenesales@thegranitegroup.com,http://www.thegranitegroup.com
ddekeyrel@thegranitegroup.com,http://www.thegranitegroup.com
BurlingtonontheGosales@thegranitegroup.com,http://www.thegranitegroup.com
rcross@thegranitegroup.com,http://www.thegranitegroup.com
ccacicio@thegranitegroup.com,http://www.thegranitegroup.com
Burlingtonsales@thegranitegroup.com,http://www.thegranitegroup.com
dcotter@thegranitegroup.com,http://www.thegranitegroup.com
Nashuasales@thegranitegroup.com,http://www.thegranitegroup.com
plucas@thegranitegroup.com,http://www.thegranitegroup.com
jhanrahan@thegranitegroup.com,http://www.thegranitegroup.com
P@4l.W-,http://www.thegranitegroup.com
rkleinman@thegranitegroup.com,http://www.thegranitegroup.com
stalbanssales@thegranitegroup.com,http://www.thegranitegroup.com
tpalmer@thegranitegroup.com,http://www.thegranitegroup.com
kspaulding@thegranitegroup.com,http://www.thegranitegroup.com
kpilotte@thegranitegroup.com,http://www.thegranitegroup.com
kbeaton@thegranitegroup.com,http://www.thegranitegroup.com
Portsmouthsales@thegranitegroup.com,http://www.thegranitegroup.com
mdoyon@thegranitegroup.com,http://www.thegranitegroup.com
sallen@thegranitegroup.com,http://www.thegranitegroup.com
ngrenier@thegranitegroup.com,http://www.thegranitegroup.com
bgaccione@thegranitegroup.com,http://www.thegranitegroup.com
Westerlysales@thegranitegroup.com,http://www.thegranitegroup.com
geb@thegranitegroup.com,http://www.thegranitegroup.com
Rochestersales@thegranitegroup.com,http://www.thegranitegroup.com
SoutheastRegion@sunoco.com,https://www.sunoco.com
SouthwestRegion@sunoco.com,https://www.sunoco.com
NorthwestRegion@sunoco.com,https://www.sunoco.com
GreatLakesRegion@sunoco.com,https://www.sunoco.com
realestate@sunoco.com,https://www.sunoco.com
PacificWestRegion@sunoco.com,https://www.sunoco.com
NortheastRegion@sunoco.com,https://www.sunoco.com
customerfirst@sunoco.com,https://www.sunoco.com
MAZacckey@sunocoinc.com,https://www.sunoco.com
TKAHMER@sunocoinc.com,https://www.sunoco.com
customerfirst@sunoco.com.,https://www.sunoco.com
John.Deaton@Sunoco.com,https://www.sunoco.com
Steven.Jones@Sunoco.com,https://www.sunoco.com
Michael.McAfee@sunoco.com,https://www.sunoco.com
ChangeToSunoco@Sunoco.com,https://www.sunoco.com
ChangetoSunoco@Sunoco.com,https://www.sunoco.com
COOP7005@sunoco.com,https://www.sunoco.com
COOP7006@sunoco.com,https://www.sunoco.com
COOP7013@sunoco.com,https://www.sunoco.com
COOP7740@sunoco.com,https://www.sunoco.com
COOP7745@sunoco.com,https://www.sunoco.com
COOP7010@sunoco.com,https://www.sunoco.com
COOP7009@sunoco.com,https://www.sunoco.com
COOP7744@sunoco.com,https://www.sunoco.com
COOP7748@sunoco.com,https://www.sunoco.com
COOP7747@sunoco.com,https://www.sunoco.com
COOP7016@sunoco.com,https://www.sunoco.com
COOP7011@sunoco.com,https://www.sunoco.com
COOP7008@sunoco.com,https://www.sunoco.com
COOP7014@sunoco.com,https://www.sunoco.com
COOP7742@sunoco.com,https://www.sunoco.com
COOP7741@sunoco.com,https://www.sunoco.com
COOP7012@sunoco.com,https://www.sunoco.com
COOP7007@sunoco.com,https://www.sunoco.com
COOP7743@sunoco.com,https://www.sunoco.com
COOP7017@sunoco.com,https://www.sunoco.com
COOP7746@sunoco.com,https://www.sunoco.com
P@s.h,http://www.dads4by.com
7@j.hW,http://www.dads4by.com
nhgeneratorinstallers@gmail.com,http://www.nhgeneratorinstallers.com
info@nhgeneratorinstallers.com,http://www.nhgeneratorinstallers.com
info@ggamfg.com,http://www.ggamfg.com
sales@ggapack.com,http://www.ggamfg.com
Rentals@Balcombros.com,http://www.balcombros.com
Landscapematerials@Balcombros.com,http://www.balcombros.com
username@example.com,http://www.balcombros.com
LandscapeMaterials@BalcomBros.com,http://www.balcombros.com
Rentals@BalcomBros.com,http://www.balcombros.com
6O.@3.N,http://www.balcombros.com
h@5i.4,http://www.balcombros.com
sales@milfordlumber.com,http://www.milfordlumber.com
gwilliamson@milfordlumber.com,http://www.milfordlumber.com
jfiery@milfordlumber.com,http://www.milfordlumber.com
mwright@milfordlumber.com,http://www.milfordlumber.com
ejennings@milfordlumber.com,http://www.milfordlumber.com
dgreen@milfordlumber.com,http://www.milfordlumber.com
vemond@milfordlumber.com,http://www.milfordlumber.com
jtremblay@milfordlumber.com,http://www.milfordlumber.com
agiconte@milfordlumber.com,http://www.milfordlumber.com
shanjra@milfordlumber.com,http://www.milfordlumber.com
salesinquiry@trex.com,http://www.milfordlumber.com
promo@rdirail.com,http://www.milfordlumber.com
jfell@milfordlumber.com,http://www.milfordlumber.com
saustin@milfordlumber.com,http://www.milfordlumber.com
dmellen@milfordlumber.com,http://www.milfordlumber.com
dboisvert@milfordlumber.com,http://www.milfordlumber.com
wdavis@milfordlumber.com,http://www.milfordlumber.com
mcurran@milfordlumber.com,http://www.milfordlumber.com
bross@milfordlumber.com,http://www.milfordlumber.com
pgiannino@milfordlumber.com,http://www.milfordlumber.com
swright@milfordlumber.com,http://www.milfordlumber.com
contact@linaro.org,http://www.linaro.org
vincent.guittot@linaro.org,http://www.linaro.org
maxim.kuvyrkov@linaro.org,http://www.linaro.org
kevin.zhao@linaro.org,http://www.linaro.org
paul.isaacs@linaro.org,http://www.linaro.org
ulf.hansson@linaro.org,http://www.linaro.org
alex.bennee@linaro.org,http://www.linaro.org
serge.broslavsky@linaro.org,http://www.linaro.org
mathieu.poirier@linaro.org,http://www.linaro.org
mike.holmes@linaro.org,http://www.linaro.org
ruchika.gupta@linaro.org,http://www.linaro.org
francois.ozog@linaro.org,http://www.linaro.org
ganesh.raju@linaro.org,http://www.linaro.org
dan.rue@linaro.org,http://www.linaro.org
ilias.apalodimas@linaro.org,http://www.linaro.org
anmar.oueja@linaro.org,http://www.linaro.org
tom.gall@linaro.org,http://www.linaro.org
1594948208-4739-1-git-send-email-hayashi.kunihiko@socionext.com,http://www.linaro.org
20201017013255.43568-1-john.stultz@linaro.org,http://www.linaro.org
20191025234834.28214-1-john.stultz@linaro.org,http://www.linaro.org
connect@linaro.org,http://www.linaro.org
support@linaro.org,http://www.linaro.org
trademarks@linaro.org,http://www.linaro.org
privacy@linaro.org,http://www.linaro.org
marketing@linaro.org.,http://www.linaro.org
mockbuild@arm64-025.build.eng.bos.redhat.com,http://www.linaro.org
linaro-android@lists.linaro.org,http://www.linaro.org
linaro-dev@lists.linaro.org,http://www.linaro.org
linux-pm@lists.linux-foundation.organd,http://www.linaro.org
stephen.doel@linaro.org,http://www.linaro.org
info@enea.com,http://www.linaro.org
contactus@linaro.org.,http://www.linaro.org
marketing@linaro.org,http://www.linaro.org
careers@linaro.org,http://www.linaro.org
info@binghamlumber.com,http://www.binghamlumber.com
tbingham@binghamlumber.com,http://www.binghamlumber.com
pelhamgrs@comcast.net,http://www.grandrentalnh.com
hudsongrs@comcast.net,http://www.grandrentalnh.com
info@expressassembly.com,http://www.expressassembly.com
order@expressassembly.com,http://www.expressassembly.com
accountspayable@expressassembly.com,http://www.expressassembly.com
info@ableairne.com,http://www.ableairne.com
nfo@ableairne.com,http://www.ableairne.com
InsideSales@BurtonSaw.com,http://www.burtonsaw.com/contact.html
email@example.com,http://www.burtonsaw.com/contact.html
insidesales@burtonsaw.com,http://www.burtonsaw.com/contact.html
discover@glengroup.com,http://www.lumbernh.com
precisionlumber@lumbernh.com,http://www.lumbernh.com
Nbrown@obiweb.net,http://www.oakesbrothers.com
Bstone@obiweb.com,http://www.oakesbrothers.com
Cmadden@obiweb.com,http://www.oakesbrothers.com
Slargey@obiweb.com,http://www.oakesbrothers.com
Cslie@oviweb.com,http://www.oakesbrothers.com
dlingwood@obiweb.com,http://www.oakesbrothers.com
Pandrade@obiweb.com,http://www.oakesbrothers.com
Ldemick@obiweb.com,http://www.oakesbrothers.com
Ratwood@obiweb.com,http://www.oakesbrothers.com
odonnell@obiweb.com,http://www.oakesbrothers.com
Sfarley@obiweb.com,http://www.oakesbrothers.com
Woakes@obiweb.com,http://www.oakesbrothers.com
LDemick@obiweb.com,http://www.oakesbrothers.com
Mpittman@obiweb.com,http://www.oakesbrothers.com
Codonnell@obiweb.com,http://www.oakesbrothers.com
Dboutin@obiweb.com,http://www.oakesbrothers.com
Doakes@obiweb.com,http://www.oakesbrothers.com
Splacey@obiweb.com,http://www.oakesbrothers.com
Splacey@oviweb.com,http://www.oakesbrothers.com
noakes@obiweb.com,http://www.oakesbrothers.com
Gwalker@obiweb.com,http://www.oakesbrothers.com
Noakes@obiweb.com,http://www.oakesbrothers.com
rboutin@obiweb.com,http://www.oakesbrothers.com
memerson@obiweb.com,http://www.oakesbrothers.com
Caldera-Forms@1.9.3,http://www.paugusbaymarina.com
sales@thurstonsmarina.com,http://www.thurstonsmarina.com
sales@thurstonsmarina.com.,http://www.thurstonsmarina.com
20ashley.coddington@thurstonsmarina.com,http://www.thurstonsmarina.com
markthurston@thurstonsmarina.com,http://www.thurstonsmarina.com
ashley.coddington@thurstonsmarina.com,http://www.thurstonsmarina.com
donthurston@thurstonsmarina.com,http://www.thurstonsmarina.com
jeffthurston@thurstonsmarina.com,http://www.thurstonsmarina.com
rentals@thurstonsmarina.com,http://www.thurstonsmarina.com
ksttei1972@gmail.com,http://www.thurstonsmarina.com
parts@thurstonsmarina.com,http://www.thurstonsmarina.com
service@thurstonsmarina.com,http://www.thurstonsmarina.com
brucethurston@thurstonsmarina.com,http://www.thurstonsmarina.com
jeffthurston@thurstonmarina.com,http://www.thurstonsmarina.com
donthurstons@thurstonsmarina.com,http://www.thurstonsmarina.com
markthurston@thrustonsmarina.com,http://www.thurstonsmarina.com
info@lwpamarina.com,http://www.lwpamarina.com
anchor@anchormarine.net,https://anchormarine.net
scottlaurent@irwinmarine.com,http://www.irwinmarine.com
mikehibbard@irwinmarine.com,http://www.irwinmarine.com
sshawnminor@irwinmarine.com,http://www.irwinmarine.com
rajbhattacharya@irwinmarine.com,http://www.irwinmarine.com
robbivolcic@irwinmarine.com,http://www.irwinmarine.com
garydoherty@irwinmarine.com,http://www.irwinmarine.com
angelachaffee@irwinmarine.com,http://www.irwinmarine.com
jasonwylie@irwinmarine.com,http://www.irwinmarine.com
madisonroberge@irwinmarine.com,http://www.irwinmarine.com
tomsnell@irwinmarine.com,http://www.irwinmarine.com
lindaharvey@irwinmarine.com,http://www.irwinmarine.com
terryneff@irwinmarine.com,http://www.irwinmarine.com
caroldowning@irwinmarine.com,http://www.irwinmarine.com
jimhowe@irwinmarine.com,http://www.irwinmarine.com
justinbarkley@irwinmarine.com,http://www.irwinmarine.com
brucewright@irwinmarine.com,http://www.irwinmarine.com
joehoward@irwinmarine.com,http://www.irwinmarine.com
billirwin@irwinmarine.com,http://www.irwinmarine.com
debbieclough@irwinmarine.com,http://www.irwinmarine.com
jasonMarceau@irwinmarine.com,http://www.irwinmarine.com
timmcclare@irwinmarine.com,http://www.irwinmarine.com
kathyford@irwinmarine.com,http://www.irwinmarine.com
dblazon@silversands.com,http://www.silversands.com
dtraquair@silversands.com,http://www.silversands.com
barry@silversands.com,http://www.silversands.com
cgagnon@silversands.com,http://www.silversands.com
team@latofonts.com,http://westaltonmarina.com
impallari@gmail.com,http://westaltonmarina.com
deirdre@westaltonmarina.com,http://westaltonmarina.com
picturefill@3.0.2,https://www.trexlers.com
handlebars@4.0.5,https://www.trexlers.com
slick-carousel@1.6.0,https://www.trexlers.com
jquery.maskedinput@1.4.1,https://www.trexlers.com
slick-carousel@1.5.9,https://www.trexlers.com
typeahead.js@0.11.1,https://www.trexlers.com
moment@2.17.1,https://www.trexlers.com
jquery-validation@1.15.1,https://www.trexlers.com
bootstrap@3.4.1,https://www.trexlers.com
jquery@1.12.1,https://www.trexlers.com
eonasdan-bootstrap-datetimepicker@4.17.47,https://www.trexlers.com
info@shepbrowns.com,http://www.shepbrowns.com
support@dealerspike.com,http://www.shepbrowns.com
info@shepbrowns.com,http://shepbrowns.com
Parts@shepbrowns.com,http://shepbrowns.com
Rentals@shepbrowns.com,http://shepbrowns.com
Sales@shepbrowns.com,http://shepbrowns.com
Service@shepbrowns.com,http://shepbrowns.com
rentals@shepbrowns.com,http://shepbrowns.com
marina@robertscovebasin.com,http://www.robertscovebasin.com
dan@nhmobilemarine.com,http://www.nhmobilemarine.com
info@nhmobilemarine.com,http://www.nhmobilemarine.com
questions@bhid.com,http://www.pioneertool.com
customerservice@blackhawkid.com,http://www.pioneertool.com
xpressquote@bhid.com,http://www.pioneertool.com
questions@blackhawkid.com,http://www.pioneertool.com
brad.rosenthal@blackhawkid.com,http://www.pioneertool.com
tonya.pavarnik@blackhawkid.com,http://www.pioneertool.com
Anders.Kauserud@blackhawkid.com,http://www.pioneertool.com
Chris.Rubino@blackhawkid.com,http://www.pioneertool.com
derek.upson@blackhawkid.com,http://www.pioneertool.com
everythingunderthesun2006@gmail.com,http://everything-under-the-sun.com
detree@myfairpoint.net,http://www.dandetreecompany.com
david@ganioland.com,http://www.ganioland.com
mjsinc@sover.net,http://www.mjslawnscape.com
blackmtnlandscape@hotmail.com,http://www.blackmountainlandscape.com
blackmtnlandscape@hotmail.com.,http://www.blackmountainlandscape.com
Homelnd@aol.com,https://www.homelandlandscaping.com
kevin@homelandlandscaping.com,https://www.homelandlandscaping.com
cs@greatbaymarine.com,https://www.greatbaymarine.com
tom.brown@greatbaymarine.com,https://www.greatbaymarine.com
sean@greatbaymarine.com,https://www.greatbaymarine.com
roslynn@greatbaymarine.com,https://www.greatbaymarine.com
Roslynn@GreatBayMarine.com,https://www.greatbaymarine.com
Sean@GreatBayMarine.com,https://www.greatbaymarine.com
jon@smithyacht.com,https://www.greatbaymarine.com
Chelsea@greatbaymarine.com,https://www.greatbaymarine.com
P@V.1,http://www.badgersislandmarina.com
api-services-support@amazon.com.,https://www.siriusxm.com/sxmmarine
marine.support@siriusxm.com.,https://www.siriusxm.com/sxmmarine
Marine.Support@siriusxm.com.,https://www.siriusxm.com/sxmmarine
Marine.Support@siriusxm.com,https://www.siriusxm.com/sxmmarine
listenercare@siriusxm.com,https://www.siriusxm.com/sxmmarine
MLB@SiriusXM.com,https://www.siriusxm.com/sxmmarine
kidsplacelive@siriusxm.com,https://www.siriusxm.com/sxmmarine
flownacion@siriusxm.com,https://www.siriusxm.com/sxmmarine
shade45@siriusxm.com,https://www.siriusxm.com/sxmmarine
lithium@siriusxm.com,https://www.siriusxm.com/sxmmarine
aguila@siriusxm.com,https://www.siriusxm.com/sxmmarine
thehighway@siriusxm.com,https://www.siriusxm.com/sxmmarine
latidos@siriusxm.com,https://www.siriusxm.com/sxmmarine
pop2k@siriusxm.com,https://www.siriusxm.com/sxmmarine
Pop2K@SiriusXM.com,https://www.siriusxm.com/sxmmarine
TheRoadhouse@siriusxm.com,https://www.siriusxm.com/sxmmarine
rumbon@siriusxm.com,https://www.siriusxm.com/sxmmarine
1stwave@siriusxm.com,https://www.siriusxm.com/sxmmarine
90son9@siriusxm.com,https://www.siriusxm.com/sxmmarine
siriusxm@igniteopm.com,https://www.siriusxm.com/sxmmarine
bbkingsbluesville@siriusxm.com,https://www.siriusxm.com/sxmmarine
info@marinerrealty.com,http://marinerrealty.com
leaflet@1.0.1,http://marinerrealty.com
colette@saw.orcsd.org,http://marinerrealty.com
info@pepperrellcovemarineservices.com,http://www.pepperrellcovemarineservices.com
jtittle@kpyy.net,http://www.kpyy.net
jeff@nhgreenbean.com,http://www.nhgreenbean.com
sales@yorkharbormarine.com,http://yorkharbormarine.com
name@email.com,http://yorkharbormarine.com
support@dealerspike.com,http://yorkharbormarine.com
concierge@wentworthmarina.com,https://wentworthmarina.com
vista@vistayachtcharters.com,http://www.vistayachtcharters.com
sales@docksystem.com,http://www.docksystem.com
support@docksystem.com,http://www.docksystem.com
contact@docksystem.com,http://www.docksystem.com
lefty@docksystem.com,http://www.docksystem.com
Sales@docksystem.com,http://www.docksystem.com
ales@docksystem.com,http://www.docksystem.com
dockguy7@yahoo.com,http://www.docksystem.com
3@n.Er,http://www.docksystem.com
info@hamptonrivermarina.com,http://hamptonmarinanh.com
tony@aaametric.org,http://www.aaametric.org
info@pelhambuildingsupply.com,https://www.pelhambuildingsupply.com
kerryn@pelhambuildingsupply.com,https://www.pelhambuildingsupply.com
daniel@pelhambuildingsupply.com,https://www.pelhambuildingsupply.com
jim@pelhambuildingsupply.com,https://www.pelhambuildingsupply.com
tfolan@pelhambuildingsupply.com,https://www.pelhambuildingsupply.com
bmacpherson@pelhambuildingsupply.com,https://www.pelhambuildingsupply.com
brian@pelhambuildingsupply.com,https://www.pelhambuildingsupply.com
doug@pelhambuildingsupply.com,https://www.pelhambuildingsupply.com
msargent@pelhambuildingsupply.com,https://www.pelhambuildingsupply.com
mark@pelhambuildingsupply.com,https://www.pelhambuildingsupply.com
sales@fhcindustrial.com,http://www.fhcindustrial.com
core-js-bundle@3.2.1,http://www.fhcindustrial.com
lodash@4.17.15,http://www.fhcindustrial.com
accounting@fhcindustrial.com,http://www.fhcindustrial.com
focus-within-polyfill@5.0.9,http://www.fhcindustrial.com
14370afcdc17429f9e418d5ffbd0334a@sentry.wixpress.com,http://www.fhcindustrial.com
wixofday@wix.com,http://www.fhcindustrial.com
info@exeterlumber.com,http://www.exeterlumber.com
Info@exterlumber.com.,http://www.exeterlumber.com
8b4e078a51d04e0e9efdf470027f0ec1@sentry.wixpress.com,http://www.libertyresearchco.com
requirejs-bolt@2.3.6,http://www.libertyresearchco.com
support@3statelock.com,http://www.seacoastlock.com
sales@atcosales.com,http://www.lanairinc.com
seacoastmills@comcast.net,http://www.seacoastmills.com
Rental@piprental.com,https://piprental.com
kedwards@newmediaretailer.com,https://piprental.com
packyc@rsarealty.com,https://piprental.com
accounting@jcbuildingproducts.com,http://www.jcbuildingproducts.com
sales@jcbuildingproducts.com,http://www.jcbuildingproducts.com
sales@beadboard.com,http://www.beadboard.com
clemnur@Roadrunner.com,http://www.clementslandscapeservices.com
14370afcdc17429f9e418d5ffbd0334a@sentry.wixpress.com,http://www.goldenleaflandscapesnh.com
core-js-bundle@3.2.1,http://www.goldenleaflandscapesnh.com
wixofday@wix.com,http://www.goldenleaflandscapesnh.com
lodash@4.17.15,http://www.goldenleaflandscapesnh.com
david@goldenleaflandscapesnh.com,http://www.goldenleaflandscapesnh.com
focus-within-polyfill@5.0.9,http://www.goldenleaflandscapesnh.com
jason@lahayepropertymaintenance.com,http://www.lahayepropertymaintenance.com
Mark@bergeronslandscaping.com,https://www.bergeronslandscaping.com
mike@mbprolandscapedesign.com,http://www.mbprolandscape.com
clemnur@Roadrunner.com,http://www.clementsnursery.com
contactus@chippersinc.com,http://chippersinc.com
contact@bytes.co,http://chippersinc.com
turf@chippersinc.com,http://chippersinc.com
jobs@chippersinc.com,http://chippersinc.com
admin@chippersinc.com,http://chippersinc.com
trees@chippersinc.com,http://chippersinc.com
gardens@chippersinc.com,http://chippersinc.com
KAMCESSENA@AOL.COM,https://parkermarine-nh.com
mgalloway@roadrunner.com,http://www.boatrentalsnh.com
wkillam@roadrunner.com,http://www.boatrentalsnh.com
info@cameronsnh.com,http://www.cameronsnh.com
react@16.5.2,http://www.cameronsnh.com
react-dom@16.5.2,http://www.cameronsnh.com
dianebeijer@cameronsnh.com,http://www.cameronsnh.com
jmoulton@lavalleys.com,http://dipriziopine.com
jwheeler@lavalleys.com,http://dipriziopine.com
lbrown@lavalleys.com,http://dipriziopine.com
info@yorkmfg.com,http://www.yorkmfg.com
support@anguleris.com,http://www.yorkmfg.com
info@rpwilliams.com,http://www.rpwilliams.com/index.php
lcantara@rpwilliams.com,http://www.rpwilliams.com/index.php
fancybox@3.5.7,http://www.loudonbuildingsupply.com
sales@raidinc.com,https://www.raidinc.com
info@raidinc.com,https://www.raidinc.com
support@raidinc.com,https://www.raidinc.com
slick@1.8.1,https://www.raidinc.com
customercare@rockler.com,http://www.rockler.com/retail/stores/nh/salem-store
info@rockler.com,http://www.rockler.com/retail/stores/nh/salem-store
store34@rockler.com,http://www.rockler.com/retail/stores/nh/salem-store
support@rockler.com,http://www.rockler.com/retail/stores/nh/salem-store
privacy@rockler.com,http://www.rockler.com/retail/stores/nh/salem-store
webmaster@rockler.com,http://www.rockler.com/retail/stores/nh/salem-store
dropship@rockler.com.,http://www.rockler.com/retail/stores/nh/salem-store
coreyu2@hotmail.com,https://www.lockpickshop.com
tyler.carroll1313@gmail.com,https://www.lockpickshop.com
dasbimmerman@gmail.com,https://www.lockpickshop.com
lockpickshop@yahoo.com,https://www.lockpickshop.com
customerservice@lockpickshop.com,https://www.lockpickshop.com
geir@geirandersen.com,https://www.lockpickshop.com
jpasquini_88@yahoo.com,https://www.lockpickshop.com
specialist-testing@lockpickshop.com,https://www.lockpickshop.com
djmac51@yahoo.com,https://www.lockpickshop.com
dwd255@gmail.com,https://www.lockpickshop.com
Mrjonrosas817@gmail.com,https://www.lockpickshop.com
jamesgarigin@att.net,https://www.lockpickshop.com
Abyss9000@gmail.com,https://www.lockpickshop.com
putnam31@optonline.net,https://www.lockpickshop.com
lcason@casonsequipment.com,http://www.casonsequipment.com
drousseau@casonsequipment.com,http://www.casonsequipment.com
service@casonsequipment.com,http://www.casonsequipment.com
sales@casonsequipment.com,http://www.casonsequipment.com
plumbing@casonsequipment.com,http://www.casonsequipment.com
Plumbing@CasonsEquipment.com,http://www.casonsequipment.com
plumbong@casonsequipment.com,http://www.casonsequipment.com
Sales@CasonsEquipment.com,http://www.casonsequipment.com
Service@CasonsEquipment.com,http://www.casonsequipment.com
