Bobby@brewhardware.com,https://www.brewhardware.com
Info@brewhardware.com,https://www.brewhardware.com
Info@Fortescue.com,http://www.fortescue.com/boat_missfort.shtml
info@anglingcentral.com,http://www.fortescue.com/boat_missfort.shtml
INFO@Fortescue.Com,http://www.fortescue.com/boat_missfort.shtml
info@fortescue.com,http://www.fortescue.com/boat_missfort.shtml
baitbox@live.com.,http://www.hancockharbor.com
Baitbox@live.com,http://www.hancockharbor.com
baitbox@live.com,http://www.hancockharbor.com
Fsupport@hoconico.com,http://sundogmarinanj.com
info@moneyislandmarina.com,http://www.moneyislandmarina.com
oysterdinner@portnorrisfire.com,http://www.portnorrisfire.com
twosheetstothewind2@gmail.com,http://www.twosheetstothewind.com
sean@hobokensailing.com,http://www.shipyardmarina.com
Sean@hobokensailing.com,http://www.shipyardmarina.com
mstehli@shipyardmarina.com,http://www.shipyardmarina.com
contact@mgsmfg.com,http://mgstech.com
samantha.partain@marinemax.com,https://www.marinemax.com
connor.smith@marinemax.com,https://www.marinemax.com
greta.andrews@marinemax.com,https://www.marinemax.com
Brandon.Flaherty@MarineMax.com,https://www.marinemax.com
seth.goodwin@parks.nyc.gov,http://www.nycgovparks.org/parks/riverside-park
X@E.IF,http://www.nycgovparks.org/parks/riverside-park
media.ed@parks.nyc.gov,http://www.nycgovparks.org/parks/riverside-park
pressoffice@parks.nyc.gov,http://www.nycgovparks.org/parks/riverside-park
press.office@parks.nyc.gov,http://www.nycgovparks.org/parks/riverside-park
stewardship@parks.nyc.gov,http://www.nycgovparks.org/parks/riverside-park
Interagency@parks.nyc.gov,http://www.nycgovparks.org/parks/riverside-park
Leslie.Nusblatt@parks.nyc.gov,http://www.nycgovparks.org/parks/riverside-park
Christopher.Noel@parks.nyc.gov,http://www.nycgovparks.org/parks/riverside-park
accessibility@parks.nyc.gov,http://www.nycgovparks.org/parks/riverside-park
Takayama@usta.com,http://www.nycgovparks.org/parks/riverside-park
marynalansky@hotmail.com,http://www.marynalansky.net
marina@marinabrolindesign.com,http://www.marinabrolindesign.com
HEALTHCAREPARTNERSHIPS@HELLOMMC.COM,http://www.mahercomm.com
PARTNERSHIPS@HELLOMMC.COM,http://www.mahercomm.com
info@propark.com,http://www.propark.com
jennifer.atkins@propark.com,http://www.propark.com
brian.cannon@propark.com,http://www.propark.com
support@parkchirp.com,http://www.propark.com
sean.lampert@propark.com,http://www.propark.com
boston@propark.com,http://www.propark.com
fancybox@3.5.7,http://www.igy-newport.com
bhm@igymarinas.com,http://igymarinas.com
ncm@igymarinas.com,http://igymarinas.com
max@igymarinas.com,http://igymarinas.com
SKD@IGYMarinas.com,http://igymarinas.com
OLM@IGYMarinas.com,http://igymarinas.com
OIP@IGYMarinas.com,http://igymarinas.com
rbm@igymarinas.com,http://igymarinas.com
sbm@igymarinas.com,http://igymarinas.com
msm@igymarinas.com,http://igymarinas.com
yhg@igymarinas.com,http://igymarinas.com
ids@igymarinas.com,http://igymarinas.com
pcm@igymarinas.com,http://igymarinas.com
rfm@igymarinas.com,http://igymarinas.com
csl@igymarinas.com,http://igymarinas.com
YHGMiami@IGYMarinas.com,http://igymarinas.com
info@IGYMarinas.com,http://igymarinas.com
ayh@igymarinas.com,http://igymarinas.com
Sete@IGYMarinas.com,http://igymarinas.com
fpm@igymarinas.com,http://igymarinas.com
Malaga@IGYMarinas.com,http://igymarinas.com
InspireGiving@IGYMarinas.com,http://igymarinas.com
anchorclub@igymarinas.com,http://igymarinas.com
mrevier@igymarinas.com,http://igymarinas.com
info@igymarinas.com,http://igymarinas.com
NCM@IGYMarinas.com,http://igymarinas.com
Inspiregiving@IGYMarinas.com,http://igymarinas.com
Info@IGYMarinas.com,http://igymarinas.com
vrojo@igymarinas.com,http://igymarinas.com
bdeher@igymarinas.com,http://igymarinas.com
IDS@IGYMarinas.com,http://igymarinas.com
info@adaptivesurface.tech,http://igymarinas.com
ddtm-dml-ap@herault.gouv.fr,http://igymarinas.com
dm.olbia@pec.mit.gov.it,http://igymarinas.com
PCM@IGYMarinas.com,http://igymarinas.com
mplas@igymarinas.com,http://igymarinas.com
c.sanna@marinadiportocervo.com,http://igymarinas.com
Info@MarinadiPortoCervo.com,http://igymarinas.com
portocervo@guardiacostiera.it,http://igymarinas.com
lcportocervo@mit.gov.it,http://igymarinas.com
r-sete@douane.finances.gouv.fr,http://igymarinas.com
permanence@pilotes-sete.fr,http://igymarinas.com
bgmarp609.sete@gendarmerie.defense.gouv.fr,http://igymarinas.com
Info@IGYMarinas.com.,http://igymarinas.com
MAXBY@IGYMarinas.com,http://igymarinas.com
MAX@IGYMarinas.com,http://igymarinas.com
lhicks@igymarinas.com,http://igymarinas.com
YHG_MarinaStaff@IGYMarinas.com,http://igymarinas.com
pblake@igymarinas.com,http://igymarinas.com
SBM@IGYMarinas.com,http://igymarinas.com
MIActivations@directvtt.com,http://igymarinas.com
Marina.Reception@SKDocks.co.uk,http://igymarinas.com
marina.reception@skdocks.co.uk,http://igymarinas.com
Anchorclub@IGYMarinas.com,http://igymarinas.com
InspireGiving@igymarinas.com,http://igymarinas.com
inspiregiving@igymarinas.com,http://igymarinas.com
Kkneely@gov.tc,http://igymarinas.com
BHM@IGYMarinas.com,http://igymarinas.com
thedeck@islandgardens.com,http://igymarinas.com
inforagp@e-externas.aena.es,http://igymarinas.com
HR@IGYMarinas.com,http://igymarinas.com
Development_Group@igymarinas.com,http://igymarinas.com
HumanResources@IGYMarinas.com,http://igymarinas.com
inspiregiving@igymarina.com,http://igymarinas.com
SKot@IGYMarinas.com,http://igymarinas.com
oip@igymarinas.com,http://igymarinas.com
puertobocas@amp.gob.pa,http://igymarinas.com
ddavis@igymarinas.com,http://igymarinas.com
RFM@IGYMarinas.com,http://igymarinas.com
sdevaux@igymarinas.com,http://igymarinas.com
smacauldy@igymarinas.com,http://igymarinas.com
porthealthigymarina@gmail.com,http://igymarinas.com
20jmarius@igymarinas.com,http://igymarinas.com
MMcKenzie@IGYMarinas.com,http://igymarinas.com
20mmckenzie@igymarinas.com,http://igymarinas.com
JMarius@IGYMarinas.com,http://igymarinas.com
20JMarius@IGYMarinas.com,http://igymarinas.com
email@example.com,http://irvingtonboatclub.com
Service@northrivershipyard.com,http://www.northrivershipyard.com
service@northrivershipyard.com,http://www.northrivershipyard.com
sales@mooseheadmarine.com,http://www.mooseheadmarine.com
westerlymarina@westerlymarina.com,http://westerlymarina.com
rschirmacher@gmail.com,http://westerlymarina.com
ngold@hudsonriver.com,http://hudsonriver.com
tj@q36creative.com,http://hudsonriver.com
info@cortlandtyachtclub.com,http://cortlandtyachtclub.com
625-1504958400-1504958400@cortlandtyachtclub.com,http://cortlandtyachtclub.com
630-1501934400-1501934400@cortlandtyachtclub.com,http://cortlandtyachtclub.com
662-1512838800-1512862200@cortlandtyachtclub.com,http://cortlandtyachtclub.com
665-1513382400-1513468799@cortlandtyachtclub.com,http://cortlandtyachtclub.com
667-1513497600-1513512000@cortlandtyachtclub.com,http://cortlandtyachtclub.com
info@defeomarina.com,http://defeomarina.com
your@emailaddress.com,http://defeomarina.com
defeoboats@aol.com,http://defeomarina.com
enteryour@addresshere.com,http://defeomarina.com
info@MobileMarineDetailing.com,http://www.mobilemarinedetailing.com
ridleytownshippdtipline@gmail.com,http://www.ridleytwp.org/#!contactus/catq
Covid19Resources@co.delaware.pa.us,http://www.ridleytwp.org/#!contactus/catq
requirejs-bolt@2.3.6,http://www.ridleytwp.org/#!contactus/catq
8b4e078a51d04e0e9efdf470027f0ec1@sentry.wixpress.com,http://www.ridleytwp.org/#!contactus/catq
contact@ridleytwp.org,http://www.ridleytwp.org/#!contactus/catq
rihwebmaster@icloud.com,http://www.ridleytwp.org/#!contactus/catq
ridleymarina@comcast.net,http://www.ridleytwp.org/#!contactus/catq
dave@damonengineers.com,http://www.ridleytwp.org/#!contactus/catq
wtneill3law@gmail.com,http://www.ridleytwp.org/#!contactus/catq
jryan@ridleytwp.org,http://www.ridleytwp.org/#!contactus/catq
rczwalina@ridleytwp.org,http://www.ridleytwp.org/#!contactus/catq
cjcjr@cataniaengineering.com,http://www.ridleytwp.org/#!contactus/catq
natisha.hamilton@affordablecare.com,http://www.ridleytwp.org/#!contactus/catq
whitetoothinc@gmail.com,http://www.ridleytwp.org/#!contactus/catq
2209MEDICINECENTER@GMAIL.COM,http://www.ridleytwp.org/#!contactus/catq
drvalguzman@aim.com,http://www.ridleytwp.org/#!contactus/catq
info@tristatetraining.com,http://www.ridleytwp.org/#!contactus/catq
info@delcofamilyvision.com,http://www.ridleytwp.org/#!contactus/catq
macdadechiro@gmail.com,http://www.ridleytwp.org/#!contactus/catq
domenic@urbanneon.com,http://www.ridleytwp.org/#!contactus/catq
copyshop@rcn.com,http://www.ridleytwp.org/#!contactus/catq
RidleyGirlsYouthLax@gmail.com,http://www.ridleytwp.org/#!contactus/catq
ridleyarealittleleague@hotmail.com,http://www.ridleytwp.org/#!contactus/catq
folsomfalcons@gmail.com,http://www.ridleytwp.org/#!contactus/catq
ridleyparkac@gmail.com,http://www.ridleytwp.org/#!contactus/catq
ridleyjraba@gmail.com,http://www.ridleytwp.org/#!contactus/catq
RidleyYouthLax@gmail.com,http://www.ridleytwp.org/#!contactus/catq
ridleyraideryouthfootball@gmail.com,http://www.ridleytwp.org/#!contactus/catq
crc14@comcast.net,http://www.ridleytwp.org/#!contactus/catq
KEDRON@Kedron.org,http://www.ridleytwp.org/#!contactus/catq
jkearney133@comcast.net,http://www.ridleytwp.org/#!contactus/catq
Stephen.DiBlasi.qbiw@statefarm.com,http://www.ridleytwp.org/#!contactus/catq
mike@mikeharney.com,http://www.ridleytwp.org/#!contactus/catq
properties@cannoninc.com,http://www.ridleytwp.org/#!contactus/catq
tblfolsom@gmail.com,http://www.ridleytwp.org/#!contactus/catq
barbsbatheyourpet@verizon.net,http://www.ridleytwp.org/#!contactus/catq
sales@djsound.com,http://www.ridleytwp.org/#!contactus/catq
Capozzolicatering@comcast.net,http://www.ridleytwp.org/#!contactus/catq
01684@chick-fil-a.com,http://www.ridleytwp.org/#!contactus/catq
Woodlyn@groceryoutlet.com,http://www.ridleytwp.org/#!contactus/catq
roytweedys@comcast.net,http://www.ridleytwp.org/#!contactus/catq
jdaley@swissfarms.com,http://www.ridleytwp.org/#!contactus/catq
info@ridleylibrary.org,http://www.ridleytwp.org/#!contactus/catq
belkjh@netscape.net,http://www.ridleytwp.org/#!contactus/catq
Nicole.tiberi@gmail.com,http://www.ridleytwp.org/#!contactus/catq
sandyscurves@verizon.net,http://www.ridleytwp.org/#!contactus/catq
info@cyedc.org,http://www.ridleytwp.org/#!contactus/catq
sales@madisontownshiplumber.com,http://madisontownshiplumber.com
MTLLUMBER@optonline.net,http://madisontownshiplumber.com
info@greensunnj.com,http://www.greensunnj.com
wowcabinet@gmail.com,https://www.wowcabinet.com
lodash@4.17.15,https://www.wowcabinet.com
14370afcdc17429f9e418d5ffbd0334a@sentry.wixpress.com,https://www.wowcabinet.com
wixofday@wix.com,https://www.wowcabinet.com
core-js-bundle@3.2.1,https://www.wowcabinet.com
focus-within-polyfill@5.0.9,https://www.wowcabinet.com
23holiday@group.v.calendar.google.com,http://www.navesinkfire.org
navesinkfire@gmail.com,http://www.navesinkfire.org
meier@locksmithplusinc.com,http://www.dunlaplocksmith.com
sales@doorandhardwareco.com,http://www.doorandhardwareco.com
mennist@arboretumfriends.net,https://www.arboretumfriends.org
jimcurry@optonline.net,https://www.arboretumfriends.org
parkreservations@morrisparks.net,https://www.arboretumfriends.org
webmaster@arboretumfriends.org,https://www.arboretumfriends.org
lbencivengo@arboretumfriends.net,https://www.arboretumfriends.org
ctriolo@co.morris.nj.us,https://www.arboretumfriends.org
store@arboretumfriends.org,https://www.arboretumfriends.org
plantsale@arboretumfriends.org,https://www.arboretumfriends.org
mennist@morrisparks.net,https://www.arboretumfriends.org
BFeldman@morrisparks.net,https://www.arboretumfriends.org
bfeldman@morrisparks.net,https://www.arboretumfriends.org
lparness@morrisparks.net,https://www.arboretumfriends.org
huonia@aol.com.,https://www.arboretumfriends.org
lbencivengo@arboretumfriends.net.,https://www.arboretumfriends.org
kdc05@ptd.net,https://www.arboretumfriends.org
cancellations@arboretumfriends.org,https://www.arboretumfriends.org
fofa.boardmember@gmail.com,https://www.arboretumfriends.org
PMillar@morrisparks.net,https://www.arboretumfriends.org
bgoldman1@comcast.net.,https://www.arboretumfriends.org
k@5l.RM7,https://www.arboretumfriends.org
stephanie@skomer.net.,https://www.arboretumfriends.org
info@lakesendmarina.net,http://www.lakesendmarina.net
barnesbrothers@att.net,http://www.barnesbrothersmarine.com
terry@johnnysmarina.com,http://www.johnnysmarina.com
Terry@johnnysmarina.com,http://www.johnnysmarina.com
ray@bridgemarina.com,http://www.bridgemarina.com
roni@bridgemarina.com,http://www.bridgemarina.com
info@bridgemarina.com,http://www.bridgemarina.com
sales@bridgemarina.com,http://www.bridgemarina.com
service@bridgemarina.com,http://www.bridgemarina.com
info@sandyhookbaymarina.com,http://www.sandyhookbaymarina.com
kurt@flashmarina.com,http://flashmarina.com
sovermire@danforthsinc.com,http://www.danforthsinc.com
danforths@danforthsinc.com,http://www.danforthsinc.com
marinesuppliers@optonline.net,http://www.cranberrylakemarinanj.com
Marinesuppliers@optonline.net,http://www.cranberrylakemarinanj.com
MarineSuppliers@optonline.net,http://www.cranberrylakemarinanj.com
billdifilippo@yahoo.com,http://nacotecreekmarina.com
9070billdifilippo@yahoo.com,http://nacotecreekmarina.com
danraimondi@oceanheightsmarina.com,http://www.oceanheightsmarina.com
marinaoffice@seaviewharbormarina.com,http://www.seaviewharbormarina.com
FishLIBT@hotmail.com,http://www.seaviewharbormarina.com
info@jollyrogersurf.com,http://www.jollyrogersurf.com
email@example.com,http://www.jollyrogersurf.com
fancybox@3.5.7,http://www.northpointmarina.com
Rayscottsdock@comcast.net,http://www.rayscottsdock.com
rayscottsdock@gmail.com,http://www.rayscottsdock.com
rayscottsdock@comcast.net,http://www.rayscottsdock.com
info@bluewatermarina.com,http://bluewatermarina.com
info@agateconstruction.net,http://agateconstruction.net
jobs@agateconstruction.net,http://agateconstruction.net
estimating@agateconstruction.net,http://agateconstruction.net
jherrmann@totalmarine.com,http://www.totalmarine.com
fcastro@totalmarine.com,http://www.totalmarine.com
jim@jerseydevilmarina.com,https://jerseydevilmarina.com
info@jerseydevilmarina.com,https://jerseydevilmarina.com
eben@eyebytes.com,http://www.greatbaymarina.com
8b4e078a51d04e0e9efdf470027f0ec1@sentry.wixpress.com,http://www.piratescm.com
requirejs-bolt@2.3.6,http://www.piratescm.com
PiratescoveOCNJ@gmail.com,http://www.piratescm.com
intsales@meecosullivan.com,http://meecosullivan.com
ldubs@meecosullivan.com,http://meecosullivan.com
sgrogan@meecosullivan.com,http://meecosullivan.com
SPsaila@MeecoSullivan.com,http://meecosullivan.com
nnelson@meecosullivan.com,http://meecosullivan.com
staylor@meecosullivan.com,http://meecosullivan.com
lkeller@meecosullivan.com,http://meecosullivan.com
jmills@meecosullivan.com,http://meecosullivan.com
sshoup@meecosullivan.com,http://meecosullivan.com
spsaila@meecosullivan.com,http://meecosullivan.com
mbeechinor@meecosullivan.com,http://meecosullivan.com
scott@wahoodocks.com,http://meecosullivan.com
scott@wahoodocks.com.,http://meecosullivan.com
billr@roundshardware.com,http://www.roundshardware.com
masterequipmentnj@gmail.com,http://www.masterequipmentnj.com
comments@crossroadstrading.com.,http://crossroadstrading.com
hello@crossroadstrading.com.,http://crossroadstrading.com
marketing@crossroadstrading.com,http://crossroadstrading.com
hello@crossroadstrading.com,http://crossroadstrading.com
buyer@crossroadstrading.com,http://crossroadstrading.com
marketing@crossroadstrading.com.,http://crossroadstrading.com
sellbymail@crossroadstrading.com,http://crossroadstrading.com
steve@akmgsi.com,http://crossroadstrading.com
sales@akmgsi.com,http://crossroadstrading.com
mbuda@akmgsi.com,http://crossroadstrading.com
ginsburgspalyinc@gmail.com,http://crossroadstrading.com
sales@continental-aero.com,http://www.continental-aero.com
Justineg@continental-aero.com,http://www.continental-aero.com
billg@continental-aero.com,http://www.continental-aero.com
Jenns@continental-aero.com,http://www.continental-aero.com
doug@assemblyproducts.biz,http://www.continental-aero.com
Doug@AssemblyProducts.biz,http://www.continental-aero.com
sales@pacificwarehousesales.com,http://www.continental-aero.com
Sales@Continental-Aero.com,http://www.continental-aero.com
info@zago.com,http://www.zago.com
Jackie@zago.com,http://www.zago.com
careers@zago.com,http://www.zago.com
info@zago.com.,http://www.zago.com
byron@zago.com,http://www.zago.com
kim@zago.com,http://www.zago.com
kim@zago.com.,http://www.zago.com
sireland@business.rutgers.edu,http://www.zago.com
pressoffice@ci.newark.nj.us,http://www.zago.com
ldesantis@njmep.org,http://www.zago.com
info@westwoodind.com,http://greaterorangehardware.com
info@kuikenbrothers.com,http://kuikenbrothers.com
info@valleymason.com,http://www.valleymason.com
Amanda.Fee@cooper-electric.com,https://www.cooper-electric.com/wcsstore/B2BDirectStorefrontAssetStore/BusinessPages/11201/Linecard/CooperComm_Line%20Card.pdf
Nichole.Bardo@cooper-electric.com,https://www.cooper-electric.com/wcsstore/B2BDirectStorefrontAssetStore/BusinessPages/11201/Linecard/CooperComm_Line%20Card.pdf
cfesdigital@cooper-electric.com,https://www.cooper-electric.com/wcsstore/B2BDirectStorefrontAssetStore/BusinessPages/11201/Linecard/CooperComm_Line%20Card.pdf
username@example.com,http://lamlight.com
info@lamlight.com,http://lamlight.com
feross@feross.org,https://www.bossplow.com
hr@bossplow.com,https://www.bossplow.com
newhamptonlumberco@gmail.com,http://www.newhamptonlumberco.com
bizdata@warwick.net,http://www.villageofgreenwoodlake.org
meghan.bennett6@touro.edu,http://www.villageofgreenwoodlake.org
jdwyer85@gmail.com,http://www.villageofgreenwoodlake.org
vcmgwl@yahoo.com,http://www.villageofgreenwoodlake.org
clerk@villageofgreenwoodlake.org,http://www.villageofgreenwoodlake.org
info@toolfactoryoutlet.com,http://www.toolfactoryoutlet.com
luis.miranda@camdencounty.com,http://www.camdencounty.com/parks/facilities/wiggins-park-marina
commissioners@camdencounty.com,http://www.camdencounty.com/parks/facilities/wiggins-park-marina
marina@camdencounty.com,http://www.camdencounty.com/parks/facilities/wiggins-park-marina
Koren.Norwood@camdencounty.com,http://www.camdencounty.com/parks/facilities/wiggins-park-marina
anne.walters@camdencounty.com,http://www.camdencounty.com/parks/facilities/wiggins-park-marina
sarah.booker@camdencounty.com,http://www.camdencounty.com/parks/facilities/wiggins-park-marina
kimberly.campisi@camdencounty.com,http://www.camdencounty.com/parks/facilities/wiggins-park-marina
countyclerk@camdencounty.com,http://www.camdencounty.com/parks/facilities/wiggins-park-marina
ccbss-info@camdenbss.org,http://www.camdencounty.com/parks/facilities/wiggins-park-marina
ccbss-info@camdenbss.org.,http://www.camdencounty.com/parks/facilities/wiggins-park-marina
michelle.gentekmayer@camdencounty.com,http://www.camdencounty.com/parks/facilities/wiggins-park-marina
Michelle.GentekMayer@camdencounty.com,http://www.camdencounty.com/parks/facilities/wiggins-park-marina
Cheryl.Austin@camdencounty.com,http://www.camdencounty.com/parks/facilities/wiggins-park-marina
Together.in.song.CC@gmail.com,http://www.camdencounty.com/parks/facilities/wiggins-park-marina
friendsofcss@gmail.com,http://www.camdencounty.com/parks/facilities/wiggins-park-marina
ccboardoftaxationinfo@camdencounty.com,http://www.camdencounty.com/parks/facilities/wiggins-park-marina
tsavidge@dredgeharbor.com,http://www.dredgeharbor.com
boatinfonj@clarkslanding.com,http://www.clarkslanding.com
sheena@clarkslanding.com,http://www.clarkslanding.com
Boatinfomd@clarkslanding.com,http://www.clarkslanding.com
Pier3Marina@gmail.com,http://www.pier3marina.com
tony@riversideys.com,http://www.riversideys.com
thesailingschool4you@gmail.com,http://www.riversideys.com
service@riversideys.com,http://www.riversideys.com
lightningjacks3@comcast.net,http://www.lightningjacksmarinas.com
LightningJacks3@comcast.net,http://www.lightningjacksmarinas.com
vanessa@cityofgloucester.org,http://www.cityofgloucester.org/our-city-information/marina
E@HD.1,http://www.cityofgloucester.org/our-city-information/marina
philadelphia@durst.org,http://www.philamarinecenter.com
inquiries@steinen.com,http://www.steinen.com
cavaliericontrols@arnet.com.ar,http://www.steinen.com
tradrep@sbcglobal.net,http://www.steinen.com
info@steinengruppe.de,http://www.steinen.com
fshaihan@163.com,http://www.steinen.com
f777@ms7.hinet.net,http://www.steinen.com
wallinsales@optonline.net,http://www.steinen.com
conquest@loxinfo.co.th,http://www.steinen.com
rhdsstffrd@aol.com,http://www.steinen.com
markrmr@rochester.rr.com,http://www.steinen.com
nozzlesales@steinen.com,http://www.steinen.com
monsgwen@msn.com,http://www.steinen.com
arado@arado.co.za,http://www.steinen.com
sales@sprayernozzle.com.tw,http://www.steinen.com
alkareemegypt10@hotmail.com,http://www.steinen.com
mdungan@salesengineersinc.com,http://www.steinen.com
baronsales@comcast.net,http://www.steinen.com
dennymcatee@fuse.net,http://www.steinen.com
inquiries@steinen.com.,http://www.steinen.com
info@fordatlantic.com,http://www.fordatlantic.com
kevin@forestlumbernj.com,http://www.forestlumbernj.com
email@example.com,http://www.forestlumbernj.com
CareCenter@acehardware.com,http://www.acehardware.com/store-details/16894
mitch@anchorace.com,http://www.acehardware.com/store-details/16894
carecenter@acehardware.com,http://www.acehardware.com/store-details/16894
carecenter@acehardware.com.,http://www.acehardware.com/store-details/16894
u003ecarecenter@acehardware.com,http://www.acehardware.com/store-details/16894
copyright@acehardware.com,http://www.acehardware.com/store-details/16894
contactus@hanoverproducts.com.,http://www.acehardware.com/store-details/16894
slick-carousel@1.8.1,http://www.acehardware.com/store-details/16894
consumermarketing@acehardware.com,http://www.acehardware.com/store-details/16894
15998@costellosace.com,http://www.acehardware.com/store-details/16894
robertrates@yahoo.com,http://www.acehardware.com/store-details/16894
18154@greatlakesace.com,http://www.acehardware.com/store-details/16894
18103@greatlakesace.com,http://www.acehardware.com/store-details/16894
18126@greatlakesace.com,http://www.acehardware.com/store-details/16894
15863@costellosace.com,http://www.acehardware.com/store-details/16894
18510@greatlakesace.com,http://www.acehardware.com/store-details/16894
18263@greatlakesace.com,http://www.acehardware.com/store-details/16894
rmikkonen@costellosace.com,http://www.acehardware.com/store-details/16894
customer@email.com,http://www.acehardware.com/store-details/16894
16476@costellosace.com,http://www.acehardware.com/store-details/16894
18299@greatlakesace.com,http://www.acehardware.com/store-details/16894
16660@costellosace.com,http://www.acehardware.com/store-details/16894
amabileandsoninc@verizon.net,http://amabileandson.com
info@sheaffersupply.com,http://sheaffersupply.com
pcreutzberger@gmail.com,http://www.njheatingandcooling.com
sales@electrohardware.com,https://electrohardware.com
rwrundle@verizon.net,https://electrohardware.com
george@electrohardware.com,https://electrohardware.com
direccion.sancher@sesamee.com.mx,https://www.penn-elcom.com
contancto@diamant.com.mx,https://www.penn-elcom.com
info@penn-elcom.pl,https://www.penn-elcom.com
info@hbc.se,https://www.penn-elcom.com
info@penn-elcom.com.lb,https://www.penn-elcom.com
pennelcom.kiev@gmail.com,https://www.penn-elcom.com
sales@penn-elcom.cn,https://www.penn-elcom.com
info@penn-elcom.hk,https://www.penn-elcom.com
ventas.gdl@diamant.com.mx,https://www.penn-elcom.com
india@penn-elcom.com,https://www.penn-elcom.com
canada@penn-elcom.com,https://www.penn-elcom.com
info@joabeslag.se,https://www.penn-elcom.com
post@penn-elcom.ch,https://www.penn-elcom.com
california@penn-elcom.com,https://www.penn-elcom.com
post.eu@penn-elcom.at,https://www.penn-elcom.com
onlineusa@penn-elcom.com,https://www.penn-elcom.com
post.eu@penn-elcom.com,https://www.penn-elcom.com
post@penn-elcom.es,https://www.penn-elcom.com
sales@penn-elcom.my,https://www.penn-elcom.com
post@penn-elcom.pt,https://www.penn-elcom.com
info@penn-elcom.com,https://www.penn-elcom.com
john@livesound.co.nz,https://www.penn-elcom.com
post@penn-elcom.fr,https://www.penn-elcom.com
ventas@xpro.com.ar,https://www.penn-elcom.com
info@winstoncases.ie,https://www.penn-elcom.com
australia@penn-elcom.com,https://www.penn-elcom.com
texas@penn-elcom.com,https://www.penn-elcom.com
new_jersey@penn-elcom.com,https://www.penn-elcom.com
pasystem@online.no,https://www.penn-elcom.com
peru@penn-elcom.com,https://www.penn-elcom.com
info@avnirvanaindia.com,https://www.penn-elcom.com
colombia@penn-elcom.com,https://www.penn-elcom.com
info@penn-fab.jp,https://www.penn-elcom.com
chile@penn-elcom.com,https://www.penn-elcom.com
townehardware1@gmail.com,http://www.townehardware.com
kinetron@aol.com,http://www.kinetron.biz
INFO@BUILDERSGENERAL.COM,http://buildersgeneral.com
info@buildersgeneral.com,http://buildersgeneral.com
barbara.plaza@buildersgeneral.com,http://buildersgeneral.com
pam.decarlo@buildersgeneral.com,http://buildersgeneral.com
info@buildersgeneral.com,http://www.buildersgeneral.com
INFO@BUILDERSGENERAL.COM,http://www.buildersgeneral.com
hello@roncoelectricnj.com,http://www.roncoelectricnj.com
wixofday@wix.com,http://www.brownspointmarina.net
focus-within-polyfill@5.0.9,http://www.brownspointmarina.net
info@brownspointmarina.net,http://www.brownspointmarina.net
lodash@4.17.15,http://www.brownspointmarina.net
14370afcdc17429f9e418d5ffbd0334a@sentry.wixpress.com,http://www.brownspointmarina.net
8c4075d5481d476e945486754f783364@sentry.io,http://www.brownspointmarina.net
core-js-bundle@3.2.1,http://www.brownspointmarina.net
seaboardmarine@verizon.net,http://www.seaboardmarineinc.com
WagnersTTM@Verizon.net,http://wagnersmarina.com
Pedersenboats@verizon.net,http://www.hanspedersenandsons.com
team@latofonts.com,http://www.tradewindsmarinagroup.com
impallari@gmail.com,http://www.tradewindsmarinagroup.com
info@monmouthcountyparks.com,https://www.monmouthcountyparks.com
ccarlson@monmouthcountyparks.com,https://www.monmouthcountyparks.com
klivings@monmouthcountyparks.com,https://www.monmouthcountyparks.com
douglas.kalucki@monmouthcountyparks.com,https://www.monmouthcountyparks.com
info@monmouthcountyparks.com,http://monmouthcountyparks.com/page.aspx?Id=2533
Anne.Simon@co.monmouth.nj.us,http://monmouthcountyparks.com/page.aspx?Id=2533
Lorianne.Megill@monmouthcountyparks.com,http://monmouthcountyparks.com/page.aspx?Id=2533
Justin.Dunn@co.monmouth.nj.us,http://monmouthcountyparks.com/page.aspx?Id=2533
marinelubs@unimarine-lubricants.com,http://www.unimarine-lubricants.com
Lh.Lim@unimarine-lubricants.com,http://www.unimarine-lubricants.com
Diane.Tan@unimarine-lubricants.com,http://www.unimarine-lubricants.com
Kumeran@unimarine-lubricants.com,http://www.unimarine-lubricants.com
Winna.Xiao@unimarine-lubricants.com,http://www.unimarine-lubricants.com
marinelubs@kpibridgeoil.com.sg,http://www.unimarine-lubricants.com
brownsboatyard@aol.com,http://www.brownsboatyardnj.com
SRBC@southriverboatclub.com,http://www.southriverboatclub.com
srbc@southriverboatclub.com,http://www.southriverboatclub.com
morganmarina@morganmarina.com,http://www.morganmarina.com
info@brownsboatyard.com,http://brownsboatyard.com
sales@brownsboatyard.com,http://brownsboatyard.com
thsos181@gmail.com,http://www.thsos.com
bobbarnes0536@gmail.com,http://www.thsos.com
marescalumber@verizon.net,http://www.marescalumber.com
fmaresca@verizon.net,http://www.marescalumber.com
frankpascrell@verizon.net,http://www.marescalumber.com
thomasmaresca@verizon.net,http://www.marescalumber.com
marescabk@verizon.net,http://www.marescalumber.com
u003eprivacy@godaddy.com,https://www.afternic.com/forsale/statenislandmarina.com?utm_source=TDFS_DASLNC
u003eprivacy@afternic.com,https://www.afternic.com/forsale/statenislandmarina.com?utm_source=TDFS_DASLNC
Mercermarine@aol.com,http://mercermarinesupply.net
myname@example.com,http://www.salemharbourapts.com
salemharbour@uchweb.com,http://www.salemharbourapts.com
SalemHarbour@uchweb.com,http://www.salemharbourapts.com
interns@bp.com,http://bp.com
BPUSApplicationAssis@bp.com,http://bp.com
bpconsumer@bp.com,http://bp.com
shareholderuk@bp.com,http://bp.com
aucustcare@bp.com,http://bp.com
careline@bp.com,http://bp.com
customerresponsecent@bp.com,http://bp.com
sales@franzenint.com,http://www.franzenint.com
stu.pid@hardmans.com,http://www.hardmans.com
sales+help@tmhardware.com,http://tmhardware.com
CoreInt@options.net,http://www.peteandjohnspaintmarket.com
info@okonite.com,http://okonite.com
chicago@okonite.com,http://okonite.com
neworleans@okonite.com,http://okonite.com
phoenix@okonite.com,http://okonite.com
minneapolis@okonite.com,http://okonite.com
export@okonite.com,http://okonite.com
sanfrancisco@okonite.com,http://okonite.com
philadelphia@okonite.com,http://okonite.com
denver@okonite.com,http://okonite.com
birmingham@okonite.com,http://okonite.com
stlouis@okonite.com,http://okonite.com
cleveland@okonite.com,http://okonite.com
charlotte@okonite.com,http://okonite.com
houston@okonite.com,http://okonite.com
batonrouge@okonite.com,http://okonite.com
washington@okonite.com,http://okonite.com
portland@okonite.com,http://okonite.com
dallas@okonite.com,http://okonite.com
tampa@okonite.com,http://okonite.com
atlanta@okonite.com,http://okonite.com
kansascity@okonite.com,http://okonite.com
saltlake@okonite.com,http://okonite.com
newyork@okonite.com,http://okonite.com
losangeles@okonite.com,http://okonite.com
boston@okonite.com,http://okonite.com
houston@okonite.cornKansas,http://okonite.com
philadelphia@okonite.comPhoenix,http://okonite.com
cleveland@okonite.comDallas,http://okonite.com
portland@okonite.comSalt,http://okonite.com
tampa@okonite.comWashington,http://okonite.com
kansascity@okonite.comLos,http://okonite.com
neworieans@okonite.comNew,http://okonite.com
denver@okonite.comHartford,http://okonite.com
g@7.X,http://okonite.com
ramsey@okonite.com,http://okonite.com
V@E.x,http://okonite.com
ake@okonite.comSan,http://okonite.com
dallas@okonite.comDenver,http://okonite.com
sanfiancisco@okonite.comTampa,http://okonite.com
birmingham@okonite.comBoston,http://okonite.com
h@okonite.comPortland,http://okonite.com
washington@okonite.comInternational,http://okonite.com
phoenix@okonite.comPittsburgh,http://okonite.com
chicago@okonite.comCincinnati,http://okonite.com
chadotte@okonite.comChicago,http://okonite.com
atanta@okonite.comBirmingham,http://okonite.com
hartford@okonite.cornHouston,http://okonite.com
newyork@okonite.comPhiladelphia,http://okonite.com
minneapolis@okonite.mrrNew,http://okonite.com
boston@okonite.comCharlotte,http://okonite.com
cincinnati@okonite.comCleveland,http://okonite.com
delawarecitymarina@rocketmail.com,http://www.delawarecitymarina.biz
marina@vikingyachts.com,http://www.vikingyachtingcenter.com
innatriversedge@verizon.net,http://www.innatriversedge.com/
InnAtRiversEdge@verizon.net,http://www.innatriversedge.com/
Innkeeper@InnAtRiversEdge.com,http://www.innatriversedge.com/
innkeeper@innatriversedge.com,http://www.innatriversedge.com/
dividjpm@yahoo.com,http://www.innatriversedge.com/
impallari@gmail.com,http://www.cabincreationsbymarina.com
team@latofonts.com,http://www.cabincreationsbymarina.com
cabincreations@optimum.net,http://www.cabincreationsbymarina.com
kremermarine@comcast.net,http://www.kremermarine.com
handlebars@4.0.5,http://baywoodmarina.com
jquery-validation@1.15.1,http://baywoodmarina.com
typeahead.js@0.11.1,http://baywoodmarina.com
slick-carousel@1.6.0,http://baywoodmarina.com
slick-carousel@1.5.9,http://baywoodmarina.com
eonasdan-bootstrap-datetimepicker@4.17.47,http://baywoodmarina.com
picturefill@3.0.2,http://baywoodmarina.com
bootstrap@3.4.1,http://baywoodmarina.com
moment@2.17.1,http://baywoodmarina.com
jquery@1.12.1,http://baywoodmarina.com
jquery.maskedinput@1.4.1,http://baywoodmarina.com
userexperience@hotels.com,http://www.forgelandingmarina.com
jquery@1.12.1,https://www.schraderyachts.net
slick-carousel@1.5.9,https://www.schraderyachts.net
jquery.maskedinput@1.4.1,https://www.schraderyachts.net
eonasdan-bootstrap-datetimepicker@4.17.47,https://www.schraderyachts.net
typeahead.js@0.11.1,https://www.schraderyachts.net
bootstrap@3.4.1,https://www.schraderyachts.net
picturefill@3.0.2,https://www.schraderyachts.net
handlebars@4.0.5,https://www.schraderyachts.net
jquery-validation@1.15.1,https://www.schraderyachts.net
moment@2.17.1,https://www.schraderyachts.net
slick-carousel@1.6.0,https://www.schraderyachts.net
filler@godaddy.com,http://www.shoreacresyachtclub.org
eben@eyebytes.com,http://www.shoreacresyachtclub.org
membership@shoreacresyachtclub.org,http://www.shoreacresyachtclub.org
board@shoreacresyachtclub.org,http://www.shoreacresyachtclub.org
rental@shoreacresyachtclub.org,http://www.shoreacresyachtclub.org
jrsailing@shoreacresyachtclub.org,http://www.shoreacresyachtclub.org
president@shoreacresyachtclub.org,http://www.shoreacresyachtclub.org
vicecommodore@shoreacresyachtclub.org,http://www.shoreacresyachtclub.org
rearcommodore@shoreacresyachtclub.org,http://www.shoreacresyachtclub.org
commodore@shoreacresyachtclub.org,http://www.shoreacresyachtclub.org
name@email.com,https://shmarinas.com/locations/safe-harbor-crystal-point
copyrightnotices@shmarinas.com,https://shmarinas.com/locations/safe-harbor-crystal-point
notices@shmarinas.com,https://shmarinas.com/locations/safe-harbor-crystal-point
slick-carousel@1.5.9,http://www.comstockyachtsales.com
moment@2.17.1,http://www.comstockyachtsales.com
eonasdan-bootstrap-datetimepicker@4.17.47,http://www.comstockyachtsales.com
bootstrap@3.4.1,http://www.comstockyachtsales.com
jquery.maskedinput@1.4.1,http://www.comstockyachtsales.com
slick-carousel@1.6.0,http://www.comstockyachtsales.com
handlebars@4.0.5,http://www.comstockyachtsales.com
typeahead.js@0.11.1,http://www.comstockyachtsales.com
jquery@1.12.1,http://www.comstockyachtsales.com
jquery-validation@1.15.1,http://www.comstockyachtsales.com
picturefill@3.0.2,http://www.comstockyachtsales.com
fancybox@3.5.7,http://www.jerseymarinas.com
info@Pier281.com,http://www.pier281.com
webmaster@pier281.aggrocreative.com,http://www.pier281.com
KTForsberg@aol.com,http://www.jerseymarinesurvey.com
billhymans@aol.com,http://www.jerseymarinesurvey.com
jkboats@gmail.com,http://www.jerseymarinesurvey.com
dms542@comcast.net,http://www.jerseymarinesurvey.com
rgginc@comcast.net,http://www.jerseymarinesurvey.com
sean@vstarmarine.com,http://www.jerseymarinesurvey.com
pdender@amtmarine.com,http://www.jerseymarinesurvey.com
surveyorscott@aol.com,http://www.jerseymarinesurvey.com
b-gross@comcast.net,http://www.jerseymarinesurvey.com
bobduane@comcast.net,http://www.jerseymarinesurvey.com
terry_randolph@comcast.net,http://www.jerseymarinesurvey.com
spencermarine@comcast.net,http://www.jerseymarinesurvey.com
captdbelson@comcast.net,http://www.jerseymarinesurvey.com
paul@casemac.com,http://www.jerseymarinesurvey.com
jeff@casemac.com,http://www.jerseymarinesurvey.com
georgeny@comcast.net,http://www.jerseymarinesurvey.com
blair@bughermarine.com,http://www.jerseymarinesurvey.com
brunostms@aol.com,http://www.jerseymarinesurvey.com
bobjohnson.ams@gmail.com,http://www.jerseymarinesurvey.com
info@JerseyMarineSurvey.com,http://www.jerseymarinesurvey.com
info@barnegatbaymarina.com,http://barnegatbaymarina.com
impallari@gmail.com,https://www.surfside-marina.net
lodash@4.17.15,http://www.gatewaymarineinc.com
core-js-bundle@3.2.1,http://www.gatewaymarineinc.com
wixofday@wix.com,http://www.gatewaymarineinc.com
focus-within-polyfill@5.0.9,http://www.gatewaymarineinc.com
14370afcdc17429f9e418d5ffbd0334a@sentry.wixpress.com,http://www.gatewaymarineinc.com
info@twinlightsmarina.com,http://twinlightsmarina.com
info@carriagehousemarina.com,http://www.carriagehousemarina.com
geosmarine@aol.com,http://www.pleasurebayyachtbasin.com
sales@morristownlumber.com,http://www.morristownlumber.com
kedwards@newmediaretailer.com,http://www.morristownlumber.com
sharrison@morristownlumber.com,http://www.morristownlumber.com
email@address.com,http://www.morristownlumber.com
admin@landimason.com,http://www.landimason.com
info@kuikenbrothers.com,http://www.kuikenbrothers.com
kmangano@kuikenbrothers.com,http://www.kuikenbrothers.com
info@kuikenkitchens.com,http://www.kuikenbrothers.com
dhughes@kuikenbrothers.com,http://www.kuikenbrothers.com
jwood@kuikenbrothers.com,http://www.kuikenbrothers.com
rniksa@kuikenbrothers.com,http://www.kuikenbrothers.com
rlasky@kuikenbrothers.com,http://www.kuikenbrothers.com
ar@kuikenbrothers.com,http://www.kuikenbrothers.com
admin@aians.org,http://www.kuikenbrothers.com
core-js-bundle@3.2.1,http://www.skinnersmarina.com
wixofday@wix.com,http://www.skinnersmarina.com
lodash@4.17.15,http://www.skinnersmarina.com
focus-within-polyfill@5.0.9,http://www.skinnersmarina.com
14370afcdc17429f9e418d5ffbd0334a@sentry.wixpress.com,http://www.skinnersmarina.com
danlbi@comcast.net,http://www.mordecaiboatbasin.com
WatersGateMarina@gmail.com,http://www.watersgate.com
lodash@4.17.15,http://www.mainonemarina.com
core-js-bundle@3.2.1,http://www.mainonemarina.com
focus-within-polyfill@5.0.9,http://www.mainonemarina.com
14370afcdc17429f9e418d5ffbd0334a@sentry.wixpress.com,http://www.mainonemarina.com
info@deepwaterlanding.com,http://www.mainonemarina.com
wixofday@wix.com,http://www.mainonemarina.com
nitou.niopa.urf@scoalanicolaeiorga.uv.ro,https://www.deepcreekcovemarina.com
A.s.fytghw.Syghsfgvbszdfgvdfgh.bdv@yenihayatkoyu.org,https://www.deepcreekcovemarina.com
A.s.fytghw.syghsfgvbszdfgvdfgh.bdv@yenihayatkoyu.org,https://www.deepcreekcovemarina.com
ececutiveoffice@gmail.com,https://www.deepcreekcovemarina.com
Jxd.8225.Rf.Vt.G.B4.2.5.T.G.B.22@S.U.B.S.Tr.A.T.Ei.L.N.Z,https://www.deepcreekcovemarina.com
S.No.W.D.R.If.T.Q.B.V.N@g.oog.l.eemail.2.1,https://www.deepcreekcovemarina.com
prud.e.nttg.ri@tmjambitions.co.uk,https://www.deepcreekcovemarina.com
ventfara@mail.com,https://www.deepcreekcovemarina.com
pillinger.milan@yahoo.com,https://www.deepcreekcovemarina.com
info@oceanportlanding.com,http://www.oceanportlanding.com
name@email.com,https://shmarinas.com/locations/safe-harbor-manasquan-river
copyrightnotices@shmarinas.com,https://shmarinas.com/locations/safe-harbor-manasquan-river
notices@shmarinas.com,https://shmarinas.com/locations/safe-harbor-manasquan-river
sales@eppys.com,https://www.eppys.com
Closetpros2000@aol.com,http://theclosetpros.com
theclosetpros@gmail.com,http://theclosetpros.com
web@componenthardware.com,http://www.componenthardware.com
mrssmith@dynamicweb.com,http://www.componenthardware.com
sales@chgasia.com,http://www.componenthardware.com
mrsmith@dynamicweb.com,http://www.componenthardware.com
info@woodhavenlumber.com,http://www.woodhavenlumber.com
me@domain.com,https://www.manasquanfasteners.com
info@ManasquanFasteners.com,https://www.manasquanfasteners.com
info@domain.com,https://www.manasquanfasteners.com
info@manasquanfasteners.com,https://www.manasquanfasteners.com
info@manasquanfasteners.com.,https://www.manasquanfasteners.com
brian@rt34landscape.com.,http://www.rt34landscape.com
GERRITLEONARD@NORTHEASTERNSUPPLY.COM,http://northeasternsupply.com
info@northeastern.com,http://northeasternsupply.com
dleonard@northeasternsupply.com,http://northeasternsupply.com
gregk@cbssheetmetal.com,https://www.cbssheetmetal.com
jimv@cbssheetmetal.com,https://www.cbssheetmetal.com
daleh@cbssheetmetal.com,https://www.cbssheetmetal.com
georgem@cbssheetmetal.com,https://www.cbssheetmetal.com
team@latofonts.com,http://www.bainshardwarestores.com
impallari@gmail.com,http://www.bainshardwarestores.com
a.oneill@garmarlumber.com,http://garmarlumber.com
v.gable@garmarlumber.com,http://garmarlumber.com
turbide.guy@videotron.ca,http://garmarlumber.com
g.bernard@garmarlumber.com,http://garmarlumber.com
j.bernard@garmarlumber.com,http://garmarlumber.com
larmstrong47@gmail.com,http://garmarlumber.com
m.bernard@garmarlumber.com,http://garmarlumber.com
info@chicksblockco.com,http://www.chicksblockco.com
brian.hoyle@chicksblockco.com,http://www.chicksblockco.com
george.weisman@chicksblockco.com,http://www.chicksblockco.com
credit@peterlumber.com,http://www.peterlumber.com
k.donnelly@peterlumber.com,http://www.peterlumber.com
j.hood@peterlumber.com,http://www.peterlumber.com
d.camp@peterlumber.com,http://www.peterlumber.com
b.peter@peterlumber.com,http://www.peterlumber.com
k.givens@peterlumber.com,http://www.peterlumber.com
c.caromano@peterlumber.com,http://www.peterlumber.com
s.nagy@peterlumber.com,http://www.peterlumber.com
a.armstrong@peterlumber.com,http://www.peterlumber.com
sales@spep.com,http://www.fairfaxhardwarede.com
noone@shutterfly.com,http://www.fairfaxhardwarede.com
websupport@jfazzio.com,https://www.shopjfi.com
howell@jfazzio.com,https://www.shopjfi.com
csr@jfazzio.com,https://www.shopjfi.com
websupport@jfazzio.com.,https://www.shopjfi.com
websupport@josephfazzioinc.com,https://www.shopjfi.com
equip@jfazzio.com,https://www.shopjfi.com
len@bloomers.com,http://www.bloomers.com
focus-within-polyfill@5.0.9,http://www.sscdistributors.com
lodash@4.17.15,http://www.sscdistributors.com
14370afcdc17429f9e418d5ffbd0334a@sentry.wixpress.com,http://www.sscdistributors.com
wixofday@wix.com,http://www.sscdistributors.com
core-js-bundle@3.2.1,http://www.sscdistributors.com
core-js-bundle@3.2.1,https://www.grubblumber.com
wixofday@wix.com,https://www.grubblumber.com
14370afcdc17429f9e418d5ffbd0334a@sentry.wixpress.com,https://www.grubblumber.com
lodash@4.17.15,https://www.grubblumber.com
focus-within-polyfill@5.0.9,https://www.grubblumber.com
grubb.lumber@grubblumber.com,https://www.grubblumber.com
info@allied-lock.com,http://www.allied-lock.com
info@delawarecountysupply.us,http://www.delawarecountysupply.us
al@delawarecountysupply.us,http://www.delawarecountysupply.us
alt@delawarecountysupply.us,http://www.delawarecountysupply.us
debbie@delawarecountysupply.us,http://www.delawarecountysupply.us
lilliana@delawarecountysupply.us,http://www.delawarecountysupply.us
rob@delawarecountysupply.us,http://www.delawarecountysupply.us
hugh@delawarecountysupply.us,http://www.delawarecountysupply.us
ed@delawarecountysupply.us,http://www.delawarecountysupply.us
bill@delawarecountysupply.us,http://www.delawarecountysupply.us
ap@delawarecountysupply.us,http://www.delawarecountysupply.us
scott@delawarecountysupply.us,http://www.delawarecountysupply.us
olivia@delawarecountysupply.us,http://www.delawarecountysupply.us
craig@delawarecountysupply.us,http://www.delawarecountysupply.us
kelsey@delawarecountysupply.us,http://www.delawarecountysupply.us
dan@delawarecountysupply.us,http://www.delawarecountysupply.us
donna@delawarecountysupply.us,http://www.delawarecountysupply.us
vickie@delawarecountysupply.us,http://www.delawarecountysupply.us
john@delawarecountysupply.us,http://www.delawarecountysupply.us
jack@delawarecountysupply.us,http://www.delawarecountysupply.us
chris@delawarecountysupply.us,http://www.delawarecountysupply.us
customer_service@securedoorandhardware.com,http://securedoorandhardware.com
ray.wilfong@securedoorandhardware.com,http://securedoorandhardware.com
steven.mcfee@securedoorandhardware.com,http://securedoorandhardware.com
crystal.keen@securedoorandhardware.com,http://securedoorandhardware.com
keith.stapley@securedoorandhardware.com,http://securedoorandhardware.com
Keith.stapley@Securedoorandhardware.com,http://securedoorandhardware.com
crystal.pearce@securedoorandhardware.com,http://securedoorandhardware.com
interested@domainmarket.com,http://www.dubell.com
u003ecs@maysup.co,http://mayerfeldsupplycompany.com
cs@maysup.co,http://mayerfeldsupplycompany.com
interested@domainmarket.com,https://www.dubell.com
lynkris@verizon.net,http://lynkrishardware.com
lynkrisprohardware@verizon.net,http://lynkrishardware.com
privacy@uhaul.com,http://www.uhaul.com
litecylinderrecall@uhaul.com,http://www.uhaul.com
mediarelations@uhaul.com,http://www.uhaul.com
donations@uhaul.com,http://www.uhaul.com
publicrelations@uhaul.com,http://www.uhaul.com
trucksales@uhaul.com,http://www.uhaul.com
SPP_Legal@uhaul.com,http://www.uhaul.com
info@colonshardwarenj.com,http://www.colonshardwarenj.com
eddie@colonshardwarenj.com,http://www.colonshardwarenj.com
david@colonshardwarenj.com,http://www.colonshardwarenj.com
daniel@colonshardwarenj.com,http://www.colonshardwarenj.com
luis@colonshardwarenj.com,http://www.colonshardwarenj.com
sales@te-direct.com,http://www.te-direct.com
teuksales@te-direct.com,http://www.te-direct.com
teinsales@te-direct.com,http://www.te-direct.com
tepasales@te-direct.com,http://www.te-direct.com
tecasales@te-direct.com,http://www.te-direct.com
tebesales@te-direct.com,http://www.te-direct.com
info@colonshardwarenj.com,https://www.colonshardwarenj.com/local-hardware-paterson-nj.h
daniel@colonshardwarenj.com,https://www.colonshardwarenj.com/local-hardware-paterson-nj.h
david@colonshardwarenj.com,https://www.colonshardwarenj.com/local-hardware-paterson-nj.h
eddie@colonshardwarenj.com,https://www.colonshardwarenj.com/local-hardware-paterson-nj.h
luis@colonshardwarenj.com,https://www.colonshardwarenj.com/local-hardware-paterson-nj.h
address@example.com,http://www.singacsupplycedargrove.com
vinniebollander1432@yahoo.com,http://www.singacsupplycedargrove.com
info@cliftonhardware.com,http://cliftonhardware.com
info@ricciardibrothers.com,http://www.ricciardibrothers.com
tomsriver@ricciardibrothers.com,http://www.ricciardibrothers.com
flanders@ricciardibrothers.com,http://www.ricciardibrothers.com
teaneck@ricciardibrothers.com,http://www.ricciardibrothers.com
aberdeen@ricciardibrothers.com,http://www.ricciardibrothers.com
newprovidence@ricciardibrothers.com,http://www.ricciardibrothers.com
howell@ricciardibrothers.com,http://www.ricciardibrothers.com
somerspoint@ricciardibrothers.com,http://www.ricciardibrothers.com
chatham@ricciardibrothers.com,http://www.ricciardibrothers.com
harding@ricciardibrothers.com,http://www.ricciardibrothers.com
brick@ricciardibrothers.com,http://www.ricciardibrothers.com
atlanticcity@ricciardibrothers.com,http://www.ricciardibrothers.com
sicklerville@ricciardibrothers.com,http://www.ricciardibrothers.com
oregonave@ricciardibrothers.com,http://www.ricciardibrothers.com
maplewood@ricciardibrothers.com,http://www.ricciardibrothers.com
capemay@ricciardibrothers.com,http://www.ricciardibrothers.com
media@ricciardibrothers.com,http://www.ricciardibrothers.com
Newark@ricciardibrothers.com,http://www.ricciardibrothers.com
rehoboth@ricciardibrothers.com,http://www.ricciardibrothers.com
marlton@ricciardibrothers.com,http://www.ricciardibrothers.com
paterson@ricciardibrothers.com,http://www.ricciardibrothers.com
loveringave@ricciardibrothers.com,http://www.ricciardibrothers.com
bloomfield@ricciardibrothers.com,http://www.ricciardibrothers.com
lodi@ricciardibrothers.com,http://www.ricciardibrothers.com
greenbrook@ricciardibrothers.com,http://www.ricciardibrothers.com
parsippany@ricciardibrothers.com,http://www.ricciardibrothers.com
easthanover@ricciardibrothers.com,http://www.ricciardibrothers.com
morristown@ricciardibrothers.com,http://www.ricciardibrothers.com
bluebell@ricciardibrothers.com,http://www.ricciardibrothers.com
bedminster@ricciardibrothers.com,http://www.ricciardibrothers.com
seagirt@ricciardibrothers.com,http://www.ricciardibrothers.com
manahawkin@ricciardibrothers.com,http://www.ricciardibrothers.com
doylestown@ricciardibrothers.com,http://www.ricciardibrothers.com
edison@ricciardibrothers.com,http://www.ricciardibrothers.com
Westchester@ricciardibrothers.com,http://www.ricciardibrothers.com
pointpleasant@ricciardibrothers.com,http://www.ricciardibrothers.com
ardmore@ricciardibrothers.com,http://www.ricciardibrothers.com
exton@ricciardibrothers.com,http://www.ricciardibrothers.com
eatontown@ricciardibrothers.com,http://www.ricciardibrothers.com
hillsdale@ricciardibrothers.com,http://www.ricciardibrothers.com
summit@ricciardibrothers.com,http://www.ricciardibrothers.com
fairlesshills@ricciardibrothers.com,http://www.ricciardibrothers.com
wayne@ricciardibrothers.com,http://www.ricciardibrothers.com
sales@johnguireco.com,http://www.johnguiresupply.com
18079-1558828800-1558915199@dreyerslumber.com,https://dreyerslumber.com
18074-1558483200-1558569599@dreyerslumber.com,https://dreyerslumber.com
oceanicmarina@comcast.net,http://www.oceanicmarinarumsonnj.com
instantsearch.js@2.8.0,http://www.siyachts.com
ionicons@4.1.2,http://www.siyachts.com
instantsearch.js@2.8.1,http://www.siyachts.com
Sales@SIYachts.com,http://www.siyachts.com
info@siyachts.com,http://www.siyachts.com
instantsearch.js@3.4.0,http://www.siyachts.com
algoliasearch@3.33.0,http://www.siyachts.com
Billhymans@aol.com,http://www.theboatdocmarinesurveys.com
info@theboatdocmarinesurveys.com,http://www.theboatdocmarinesurveys.com
customerservice@universalsupply.com,http://www.universalsupply.com
Webmaster@winslowrental.com,http://www.winslowrental.com
sales@herefordinletmarina.com,https://herefordinletmarina.com
info@commodorebaymarina.com,http://www.commodorebaymarina.com
HOLTZBOATWORKS@GMAIL.COM,http://www.holtzboatworks.com
core-js-bundle@3.2.1,http://www.holtzboatworks.com
14370afcdc17429f9e418d5ffbd0334a@sentry.wixpress.com,http://www.holtzboatworks.com
lodash@4.17.15,http://www.holtzboatworks.com
focus-within-polyfill@5.0.9,http://www.holtzboatworks.com
wixofday@wix.com,http://www.holtzboatworks.com
holtzboatworks@gmail.com,http://www.holtzboatworks.com
chi.sales@mcmaster.com,http://www.mcmaster.com
recruiting@mcmaster.com,http://www.mcmaster.com
sales@caolacompany.com,http://www.caolacompany.com
sales@nestorbars.com,http://www.nestorbars.com
