bmmarine@ptd.net,http://www.beltzvillemarine.com
info@fleetwoodlumber.com,http://www.fleetwoodlumber.com
your@email.com,http://www.fleetwoodlumber.com
dheffner3@netzero.net,http://www.kuzanshardware.com
standardkey@gmail.com,http://standardkeyandlock.com
support@weatherbondroofing.com,http://www.kohlbp.com
info@srsdistribution.com,http://www.kohlbp.com
andrewhessinc@aol.com,http://www.andrewhessinc.com
susie@poroskylumber.com,http://poroskylumber.com
kate@poroskylumber.com,http://poroskylumber.com
scott@poroskylumber.com,http://poroskylumber.com
joe@deerparklumberinc.com,http://www.deerparklumberinc.com
jack@deerparklumberinc.com,http://www.deerparklumberinc.com
Joe@deerparklumberinc.com,http://www.deerparklumberinc.com
ryan@deerparklumberinc.com,http://www.deerparklumberinc.com
jsn@deerparklumberinc.com,http://www.deerparklumberinc.com
matt@deerparklumberinc.com,http://www.deerparklumberinc.com
ron@deerparklumberinc.com,http://www.deerparklumberinc.com
dan@deerparklumberinc.com,http://www.deerparklumberinc.com
cam@deerparklumberinc.com,http://www.deerparklumberinc.com
sherry@deerparklumberinc.com,http://www.deerparklumberinc.com
barrett@deerparklumberinc.com,http://www.deerparklumberinc.com
travis@deerparklumberinc.com,http://www.deerparklumberinc.com
jim@deerparklumberinc.com,http://www.deerparklumberinc.com
paul@deerparklumberinc.com,http://www.deerparklumberinc.com
preining@deerparklumberinc.com,http://www.deerparklumberinc.com
jeffd@deerparklumberinc.com,http://www.deerparklumberinc.com
dbender@state.pa.us,http://www.deerparklumberinc.com
aimesgarlat@gmail.com,http://airportsand-gravel.com
aimesgarlat@gmail.com,http://www.airportsand-gravel.com
sales@ne-aluminumandvinyl.com,http://www.ne-aluminumandvinyl.com
search-insights@1.3.1,http://www.pella.com/home/default.aspx
8b4e078a51d04e0e9efdf470027f0ec1@sentry.wixpress.com,http://andreandson.com
requirejs-bolt@2.3.6,http://andreandson.com
griffis@epix.net,http://rtgriffislumber.com
counter.sales@ccallis.com,http://ccallis.com
email@address.com,http://ccallis.com
kedwards@newmediaretailer.com,http://ccallis.com
user@company.com,http://www.irrsupply.com
user@gmail.com,http://www.irrsupply.com
info@irrsupply.com,http://www.irrsupply.com
careers@irrsupply.com,http://www.irrsupply.com
Info@ThruwayInc.com,http://www.thruwayfasteners.com
argotshardware@gmail.com,http://www.argotshardware.com
lcbfik@ptd.net,http://www.forestinnkiln.com
sales@forestinnkiln.com,http://www.forestinnkiln.com
HR@smftruck.com,http://www.smftruck.com/keyhole-tooling
sales@smftruck.com,http://www.smftruck.com/keyhole-tooling
sto@trevdan.com,http://trevdan.com
doorinfo@trevdan.com,http://trevdan.com
ceilings@trevdan.com,http://trevdan.com
info@trevdan.com,http://trevdan.com
parex@trevdan.com,http://trevdan.com
hr@trevdan.com,http://trevdan.com
credit@trevdan.com,http://trevdan.com
Harrisburg@trevdan.com,http://trevdan.com
NewJersey@trevdan.com,http://trevdan.com
ChesterSprings@trevdan.com,http://trevdan.com
Pocono@trevdan.com,http://trevdan.com
Sellersville@trevdan.com,http://trevdan.com
armstrongspecialist@trevdan.com,http://trevdan.com
keythslock@gmail.com,http://www.keithslockanddoor.com
tom@1stklas.com,http://www.1stklas.com
support@dealerspike.com,http://www.1stklas.com
tom@1stklas.com,https://www.1stklas.com
support@dealerspike.com,https://www.1stklas.com
Tom@1stklas.com,https://www.1stklas.com
info@pcmarina.us,http://pcmarina.us
pinecrestmarina@gmail.com,http://pcmarina.us
mort@caprimarine.com,http://www.caprimarine.com
astigma@astigmatic.com,http://www.caprimarine.com
typeahead.js@0.11.1,http://www.seeleysmarina.com
jquery@1.12.1,http://www.seeleysmarina.com
slick-carousel@1.6.0,http://www.seeleysmarina.com
moment@2.17.1,http://www.seeleysmarina.com
handlebars@4.0.5,http://www.seeleysmarina.com
bootstrap@3.4.1,http://www.seeleysmarina.com
picturefill@3.0.2,http://www.seeleysmarina.com
eonasdan-bootstrap-datetimepicker@4.17.47,http://www.seeleysmarina.com
jquery.maskedinput@1.4.1,http://www.seeleysmarina.com
jquery-validation@1.15.1,http://www.seeleysmarina.com
slick-carousel@1.5.9,http://www.seeleysmarina.com
jquery.maskedinput@1.4.1,http://www.lighthouseharbor.com
jquery@1.12.1,http://www.lighthouseharbor.com
slick-carousel@1.6.0,http://www.lighthouseharbor.com
picturefill@3.0.2,http://www.lighthouseharbor.com
bootstrap@3.4.1,http://www.lighthouseharbor.com
slick-carousel@1.5.9,http://www.lighthouseharbor.com
eonasdan-bootstrap-datetimepicker@4.17.47,http://www.lighthouseharbor.com
moment@2.17.1,http://www.lighthouseharbor.com
handlebars@4.0.5,http://www.lighthouseharbor.com
typeahead.js@0.11.1,http://www.lighthouseharbor.com
jquery-validation@1.15.1,http://www.lighthouseharbor.com
accessibility@arinet.com,http://www.lighthouseharbor.com
focus-within-polyfill@5.0.9,http://wyalusingace.com
wixofday@wix.com,http://wyalusingace.com
Service@Wyalusingace.com,http://wyalusingace.com
core-js-bundle@3.2.1,http://wyalusingace.com
lodash@4.17.15,http://wyalusingace.com
14370afcdc17429f9e418d5ffbd0334a@sentry.wixpress.com,http://wyalusingace.com
impallari@gmail.com,http://www.cabincreationsbymarina.com
cabincreations@optimum.net,http://www.cabincreationsbymarina.com
team@latofonts.com,http://www.cabincreationsbymarina.com
www.thyconstruction@yahoo.com,http://www.newhopeboatrides.com
peggysharborliz@hotmail.com,http://peggysharbor.com
armor19@rocketmail.com,http://www.mofunparks.com
nfo@mofunparks.com,http://www.mofunparks.com
fancybox@3.5.7,http://www.aspinwallmarina.com
harry@beachclubmarina.com,http://www.beachclubmarina.com
janet@beachclubmarina.com,http://www.beachclubmarina.com
vnicholas@nicholasinc.com,http://www.nicholasinc.com
dmarlin@nicholasinc.com,http://www.nicholasinc.com
mdrohan@nicholasinc.com,http://www.nicholasinc.com
eflambard@nicholasinc.com,http://www.nicholasinc.com
ebenkart@nicholasinc.com,http://www.nicholasinc.com
steeles@ptd.net,http://www.steeleshardware.com
CareCenter@acehardware.com,http://www.steeleshardware.com
carecenter@acehardware.com,http://www.steeleshardware.com
jayscei@aol.com,http://contractorsequipment-pa.com
info@esco-hibu.com,http://contractorsequipment-pa.com
info@qualitystoneveneer.com,http://www.qualitystoneveneer.com
jobs@qualitystoneveneer.com,http://www.qualitystoneveneer.com
info@albrightshardware.com,http://www.albrightshardwarestore.com
yardscapesnepa@gmail.com,http://www.yardscapesnepa.com
selauermgc@aol.com,http://www.midwaygardencenter.net
info@midwaygardencenter.net,http://www.midwaygardencenter.net
fstl90@yahoo.com,http://www.greenworkslandscapingllcpa.com
tom@mhwconstruction.com,http://landscapesupply.mhwcompanies.com
leelee_b7@hotmail.com,http://www.barbutilandscaping.com
paramolandscaping@gmail.com,http://www.paramolandscaping.com
starlightelectricinc@gmail.com,http://starlightelectricinc.com
Starlightelectricinc@gmail.com,http://starlightelectricinc.com
sjdeshong@me.com,http://www.10thsthardware.com
web-vitals@0.2.2,http://www.pagehardware.com
SalesHelp@PageHardware.com,http://www.pagehardware.com
saleshelp@pagehardware.com.,http://www.pagehardware.com
service@summitappliance.com,http://www.pagehardware.com
sjdeshong@me.com,http://www.3rdstreethardware.com
hilsoninc@accessus.com,http://www.paristexashardware.com
info@marmelstein.net,http://www.paristexashardware.com
customer.service@carolefabrics.com,http://www.paristexashardware.com
customerservice@norbarfabrics.com,http://www.paristexashardware.com
hardware@fabricut.com,http://www.paristexashardware.com
info@elegantdraperies.com,http://www.paristexashardware.com
sales@designersresourceinc.com,http://www.paristexashardware.com
sales@texton.com,http://www.paristexashardware.com
info@wescofabrics.com,http://www.paristexashardware.com
info@esmginc.com,http://www.paristexashardware.com
customerservice@proterpreston.com,http://www.paristexashardware.com
staff@windowwares.com,http://www.paristexashardware.com
sales@wortleygroup.com.au,http://www.paristexashardware.com
info@bddinc.com,http://www.paristexashardware.com
info@pacificcoastdrapery.com,http://www.paristexashardware.com
info@wiscdrapery.com,http://www.paristexashardware.com
customerservice@rmcoco.com,http://www.paristexashardware.com
customerservice@jffabrics.com,http://www.paristexashardware.com
info@kastfabrics.com,http://www.paristexashardware.com
draperyhardware@att.net,http://www.paristexashardware.com
cs@davisdraperyhardware.com,http://www.paristexashardware.com
donna@creativetreatmentsllc.com,http://www.paristexashardware.com
info@williamsonsupply.com,http://www.paristexashardware.com
info@duralee.com,http://www.paristexashardware.com
sales@uniquewholesale.net,http://www.paristexashardware.com
decoratorservices@sbcglobal.net,http://www.paristexashardware.com
sales@paristexashardware.com,http://www.paristexashardware.com
hfarr@lindseyequipmentus.com,http://www.lindseylawnandgarden.com
noreply@mopro.com,http://www.rolliers.com
proteam@mopro.com,http://www.rolliers.com
success@mopro.com,http://www.rolliers.com
info@rolliers.com,http://www.rolliers.com
brett@rolliers.com,http://www.rolliers.com
rialtopizzapgh@gmail.com,http://rialto.pizza
joanne@starlightmarina.com,http://www.starlightmarina.com
SalemHarbour@uchweb.com,http://www.salemharbourapts.com
myname@example.com,http://www.salemharbourapts.com
salemharbour@uchweb.com,http://www.salemharbourapts.com
Mercermarine@aol.com,http://mercermarinesupply.net
lightningjacks3@comcast.net,http://www.lightningjacksmarinas.com
LightningJacks3@comcast.net,http://www.lightningjacksmarinas.com
tsavidge@dredgeharbor.com,http://www.dredgeharbor.com
BoatInfoNJ@ClarksLanding.com,http://www.clarkslanding.com
bethc@clarkslanding.com,http://www.clarkslanding.com
PJLash@ClarksLanding.com,http://www.clarkslanding.com
boatinfonj@clarkslanding.com,http://www.clarkslanding.com
sheena@clarkslanding.com,http://www.clarkslanding.com
Boatinfomd@clarkslanding.com,http://www.clarkslanding.com
zak@clarkslanding.com,http://www.clarkslanding.com
Zak@ClarksLanding.com,http://www.clarkslanding.com
BethC@ClarksLanding.com,http://www.clarkslanding.com
dave@clarkslanding.com,http://www.clarkslanding.com
jdean@clarkslanding.com,http://www.clarkslanding.com
info@theboatdocmarinesurveys.com,http://www.theboatdocmarinesurveys.com
Billhymans@aol.com,http://www.theboatdocmarinesurveys.com
thesailingschool4you@gmail.com,http://www.riversideys.com
Tony@riversideys.com,http://www.riversideys.com
tony@riversideys.com,http://www.riversideys.com
service@riversideys.com,http://www.riversideys.com
associatedspring@asbg.com,http://www.barnesgroupinc.com
ReportJobFraud@bginc.com,http://www.barnesgroupinc.com
lking@bginc.com,http://www.barnesgroupinc.com
lking@BGInc.com,http://www.barnesgroupinc.com
info@bginc.com,http://www.barnesgroupinc.com
Q@G.T,http://www.barnesgroupinc.com
Info@onurmarblegranite.com,http://www.onurmarblegranite.com
florencehardware@comcast.net,http://www.florence-hardware.com
hatborovh@gmail.com,http://www.penndelhardware.com
pendelhdwe@aol.com,http://www.penndelhardware.com
CustomerService@FairwayBP.com,https://www.fairwayrailing.com
requirejs-bolt@2.3.6,http://www.heathlumber.com
8b4e078a51d04e0e9efdf470027f0ec1@sentry.wixpress.com,http://www.heathlumber.com
purchasing@heathlumber.com,http://www.heathlumber.com
bharris@heathlumber.com,http://www.heathlumber.com
mgoodwin@heathlumber.com,http://www.heathlumber.com
ar@heathlumber.com,http://www.heathlumber.com
aj@heathlumber.com,http://www.heathlumber.com
dmccann@heathlumber.com,http://www.heathlumber.com
guy@heathlumber.com,http://www.heathlumber.com
alex@heathlumber.com,http://www.heathlumber.com
bstaub@heathlumber.com,http://www.heathlumber.com
Sales@heathlumber.com,http://www.heathlumber.com
judi@heathlumber.com,http://www.heathlumber.com
info@newtownhardware.com,https://www.newtownhardware.com
HomeHardwareDesigns@earthlink.net,http://www.homehardwaredesigns.net
focus-within-polyfill@5.0.9,http://www.honesdaleagway.com
14370afcdc17429f9e418d5ffbd0334a@sentry.wixpress.com,http://www.honesdaleagway.com
lodash@4.17.15,http://www.honesdaleagway.com
wixofday@wix.com,http://www.honesdaleagway.com
core-js-bundle@3.2.1,http://www.honesdaleagway.com
robert@broofa.com,http://www.citysearch.com/profile/716475410/hawley_pa/nepa_lock.html
customerservice@simplesite.com,https://mpslandscaping.simplesite.com/default.aspx?up=1
info@yourname.com.,https://mpslandscaping.simplesite.com/default.aspx?up=1
complaint@SimpleSite.com,https://mpslandscaping.simplesite.com/default.aspx?up=1
customerservice@SimpleSite.com,https://mpslandscaping.simplesite.com/default.aspx?up=1
yourfirstname@domainname.com.,https://mpslandscaping.simplesite.com/default.aspx?up=1
complaints@SimpleSite.com,https://mpslandscaping.simplesite.com/default.aspx?up=1
