puiialumber@myfairpoint.net,http://puiialumber.com
Jesse@causewaymarina.com,http://www.causewaymarina.com
support@dealerspike.com,http://www.causewaymarina.com
jesse@causewaymarina.com,http://www.causewaymarina.com
gatewaymarina.maine@gmail.com,http://www.gatewaymarinalonglake.com
longbeachmarinamaine@gmail.com,http://www.longbeachmarina.com
info@bristolboatrepair.com,http://www.bristolboatrepair.com
info@boatmasters.net,http://www.bristolboatrepair.com
info@sebagodock.com,http://www.bristolboatrepair.com
14370afcdc17429f9e418d5ffbd0334a@sentry.wixpress.com,https://www.rlco.com
wixofday@wix.com,https://www.rlco.com
lodash@4.17.15,https://www.rlco.com
core-js-bundle@3.2.1,https://www.rlco.com
focus-within-polyfill@5.0.9,https://www.rlco.com
stephen.hchaynes@gmail.com,http://www.hchaynes.com
jkraisin@nbnet.nb.ca,http://www.hchaynes.com
andrewwest@ns.sympatico.ca,http://www.hchaynes.com
stapleshardware@gmail.com,http://www.stapleshardware.biz
support@phdcon.com,http://www.stapleshardware.biz
efletty@me.com,http://www.crandallshardware.com
info@crandallshardware.com,http://www.crandallshardware.com
ctowle@hotmail.com,http://www.towlescornerstore.com
wiltonhardwarestore@gmail.com,http://www.wiltonhardwarestore.com
info@samosetfourseasons.com,http://www.samosetfourseasons.comwixofday@wix.com

